code	type	duration	participants-number	participants	languages	collection-point	topic	moderator	participants-relationship	year	unknown-participant	community
SBCA001	free-conversation	00:46:42	4	PSB033;PSB045;PSB044;PSB043	italian;other	BO	free	no	symmetric	_	yes	arabic
SBCA002	free-conversation	00:49:12	3	PSB083;PSB084;PSB085	italian;other	BO	free	no	symmetric	_	no	arabic
SBCA003	free-conversation	00:21:27	2	PSB099;PSB100	italian;other	BO	free	no	symmetric	_	no	arabic
SBCA004	free-conversation	00:30:09	2	PSB099;PSB100	italian;other	BO	free	no	symmetric	_	no	arabic
SBCA006	free-conversation	00:31:30	2	PSB125;PSB126	italian;other	BO	free	no	symmetric	_	no	arabic
SBCA008	free-conversation	00:30:45	2	PSB140;PSB141	italian;other	BO	free	no	symmetric	_	yes	arabic
SBCA009	free-conversation	00:16:36	2	PSB142;PSB143	italian;other	BO	free	no	symmetric	_	no	arabic
SBCA010	free-conversation	00:25:31	3	PSB161;PSB162;PSB163	italian;other	BO	free	no	symmetric	_	no	arabic
SBCA011	free-conversation	01:03:48	2	PSB164;PSB165	italian;other	BO	free	no	symmetric	_	yes	arabic
SBCB001	free-conversation	00:31:24	4	PSB071;PSB072;PSB073;PSB074	italian;other	BO	free	no	symmetric	_	yes	bengali
SBCB002	free-conversation	00:35:05	4	PSB005;PSB093;PSB094;PSB095	italian;other	BO	free	no	symmetric	_	yes	bengali
SBCB003	free-conversation	00:32:40	2	PSB095;PSB118	italian;other	BO	free	no	symmetric	_	no	bengali
SBCB004	free-conversation	01:17:46	4	PSB054;PSB133;PSB134;PSB135	italian;other	BO	free	no	symmetric	_	yes	bengali
SBCB005	free-conversation	00:48:27	2	PSB049;PSB050	italian	BO	free	no	symmetric	_	no	bengali
SBCB006	free-conversation	00:31:21	4	PSB005;PSB093;PSB094;PSB095	italian;other	BO	free	no	symmetric	_	yes	bengali
SBCB007	free-conversation	00:28:51	3	PSB005;PSB093;PSB095	italian;other	BO	free	no	symmetric	_	yes	bengali
SBCB008	free-conversation	01:54:37	2	PSB151;PSB152	italian;other	BO	free	no	symmetric	_	yes	bengali
SBCC003	free-conversation	01:07:38	4	PSB101;PSB102;PSB103;PSB054	italian;other	BO	free	no	symmetric	_	no	chinese
SBCC004	free-conversation	01:19:46	2	PSB104;PSB105	italian	BO	free	no	symmetric	_	no	chinese
SBCC005	free-conversation	00:17:50	2	PSB109;PSB110	italian;other	BO	free	no	symmetric	_	no	chinese
SBCC006	free-conversation	00:40:00	2	PSB109;PSB110	italian;other	BO	free	no	symmetric	_	no	chinese
SBCC007	free-conversation	00:50:23	2	PSB113;PSB114	italian;other	BO	free	no	symmetric	_	yes	chinese
SBCC008	free-conversation	01:29:06	3	PSB104;PSB105;PSB119	italian;other	BO	free	no	symmetric	_	no	chinese
SBCC009	free-conversation	01:24:45	4	PSB104;PSB105;PSB119;PSB120	italian;other	BO	free	no	symmetric	_	no	chinese
SBCC010	free-conversation	00:49:25	2	PSB121;PSB122	italian	BO	free	no	symmetric	_	no	chinese
SBCC011	free-conversation	00:12:39	2	PSB121;PSB122	italian	BO	free	no	symmetric	_	no	chinese
SBCC012	free-conversation	00:41:59	2	PSB136;PSB137	italian;other	BO	free	no	symmetric	_	no	chinese
SBCU001	free-conversation	01:27:34	2	PSB005;PSB022	italian;other	BO	free	no	symmetric	_	yes	ukrainian
SBCU002	free-conversation	00:22:25	6	PSB005;PSB005;PSB087;PSB088;PSB089;PSB090;PSB086	italian;other	BO	free	no	symmetric	_	no	ukrainian
SBCU003	free-conversation	00:14:27	2	PSB091;PSB092	italian	BO	free	no	symmetric	_	no	ukrainian
SBCU005	free-conversation	00:41:10	2	PSB106;PSB107	italian;other	BO	free	no	symmetric	_	no	ukrainian
SBCU007	free-conversation	00:44:05	8	PSB005;PSB036;PSB086;PSB091;PSB127;PSB128;PSB129;PSB130	italian;other	BO	free	no	symmetric	_	yes	ukrainian
SBCU007bis	free-conversation	00:49:02	8	PSB005;PSB036;PSB086;PSB091;PSB127;PSB128;PSB129;PSB130	italian;other	BO	free	no	symmetric	_	no	ukrainian
SBCU007tris	free-conversation	00:23:48	8	PSB005;PSB036;PSB086;PSB091;PSB127;PSB128;PSB129;PSB130	italian;other	BO	free	no	symmetric	_	no	ukrainian
SBCU008	free-conversation	01:00:19	2	PSB005;PSB091	italian;other	BO	free	no	symmetric	_	yes	ukrainian
SBCU008bis	free-conversation	01:14:29	2	PSB005;PSB091	italian;other	BO	free	no	symmetric	_	yes	ukrainian
SBCU010	free-conversation	00:19:01	2	PSB149;PSB150	italian;other	BO	free	no	symmetric	_	no	ukrainian
SBIA002	semistructured-interview	01:20:22	3	PSB005;PSB017;PSB016	italian;other	BO	fixed	yes	asymmetric	_	no	arabic
SBIA003	semistructured-interview	00:38:42	3	PSB005;PSB023;PSB024	italian	BO	fixed	yes	asymmetric	_	yes	arabic
SBIA004	semistructured-interview	00:23:00	3	PSB005;PSB025;PSB017	italian;other	BO	fixed	yes	asymmetric	_	yes	arabic
SBIA005	semistructured-interview	00:37:02	2	PSB005;PSB027	italian;other	BO	fixed	yes	asymmetric	_	yes	arabic
SBIA006	semistructured-interview	00:16:40	3	PSB014;PSB033;PSB034	italian;other	BO	fixed	yes	asymmetric	_	no	arabic
SBIA008	semistructured-interview	00:44:30	2	PSB005;PSB042	italian;other	BO	fixed	yes	asymmetric	_	no	arabic
SBIA011	semistructured-interview	00:33:57	3	PSB005;PSB063;PSB064	italian;other	BO	fixed	yes	asymmetric	_	no	arabic
SBIA012	semistructured-interview	00:47:32	3	PSB005;PSB065;PSB066	italian;other	BO	fixed	yes	asymmetric	_	yes	arabic
SBIA013	semistructured-interview	01:07:05	5	PSB005;PSB066;PSB067;PSB068;PSB069	italian;other	BO	fixed	yes	asymmetric	_	no	arabic
SBIA014	semistructured-interview	01:15:25	4	PSB005;PSB079;PSB080;PSB067	italian;other	BO	fixed	yes	asymmetric	_	yes	arabic
SBIA015	semistructured-interview	00:44:29	3	PSB144;PSB145;PSB146	italian;other	BO	fixed	yes	asymmetric	_	no	arabic
SBIA017	semistructured-interview	00:35:11	3	PSB146;PSB147;PSB153	italian;other	BO	fixed	yes	asymmetric	_	yes	arabic
SBIA018	semistructured-interview	00:39:10	2	PSB141;PSB156	italian;other	BO	fixed	yes	asymmetric	_	no	arabic
SBIA019	semistructured-interview	00:59:51	4	PSB157;PSB158;PSB159;PSB160	italian;other	BO	fixed	yes	asymmetric	_	no	arabic
SBIB001	semistructured-interview	01:03:20	2	PSB005;PSB021	italian	BO	fixed	yes	asymmetric	_	no	bengali
SBIB002	semistructured-interview	00:37:17	3	PSB005;PSB026;PSB028	italian;other	BO	fixed	yes	asymmetric	_	yes	bengali
SBIB003	semistructured-interview	00:38:54	3	PSB005;PSB029;PSB054	italian;other	BO	fixed	yes	asymmetric	_	no	bengali
SBIB004	semistructured-interview	00:18:23	2	PSB005;PSB041	italian	BO	fixed	yes	asymmetric	_	yes	bengali
SBIB005	semistructured-interview	00:24:42	6	PSB028;PSB054;PSB036;PSB051;PSB052;PSB053	italian;other	BO	fixed	yes	asymmetric	_	yes	bengali
SBIB006	semistructured-interview	00:58:00	2	PSB049;PSB050	italian;other	BO	fixed	yes	asymmetric	_	no	bengali
SBIB007	semistructured-interview	00:38:15	2	PSB005;PSB056	italian;other	BO	fixed	yes	asymmetric	_	yes	bengali
SBIB008	semistructured-interview	00:39:35	3	PSB028;PSB054;PSB057	italian;other	BO	fixed	yes	asymmetric	_	yes	bengali
SBIB009	semistructured-interview	00:20:19	2	PSB005;PSB058	italian;other	BO	fixed	yes	asymmetric	_	yes	bengali
SBIB010	semistructured-interview	00:26:38	3	PSB005;PSB058;PSB059	italian;other	BO	fixed	yes	asymmetric	_	no	bengali
SBIB011	semistructured-interview	00:56:19	2	PSB005;PSB062	italian;other	BO	fixed	yes	asymmetric	_	yes	bengali
SBIB012	semistructured-interview	01:35:50	5	PSB005;PSB071;PSB072;PSB073;PSB074	italian;other	BO	fixed	yes	asymmetric	_	no	bengali
SBIB013	semistructured-interview	01:18:41	3	PSB005;PSB075;PSB076	italian;other	BO	fixed	yes	asymmetric	_	yes	bengali
SBIC001	semistructured-interview	01:00:07	3	PSB005;PSB002;PSB001	italian;other	BO	fixed	yes	asymmetric	_	no	chinese
SBIC002	semistructured-interview	01:01:52	3	PSB005;PSB004;PSB003	italian;other	BO	fixed	yes	asymmetric	_	no	chinese
SBIC004	semistructured-interview	00:51:19	2	PSB005;PSB008	italian;other	BO	fixed	yes	asymmetric	_	yes	chinese
SBIC005	semistructured-interview	01:08:01	2	PSB005;PSB009	italian;other	BO	fixed	yes	asymmetric	_	yes	chinese
SBIC006	semistructured-interview	01:08:00	2	PSB005;PSB013	italian;other	BO	fixed	yes	asymmetric	_	no	chinese
SBIC007	semistructured-interview	00:16:06	3	PSB014;PSB033;PSB035	italian;other	BO	fixed	yes	asymmetric	_	yes	chinese
SBIC008	semistructured-interview	00:34:17	4	PSB005;PSB036;PSB037;PSB038	italian;other	BO	fixed	yes	asymmetric	_	yes	chinese
SBIC009	semistructured-interview	00:52:31	2	PSB005;PSB046	italian	BO	fixed	yes	asymmetric	_	yes	chinese
SBIC010	semistructured-interview	00:40:15	2	PSB005;PSB077	italian	BO	fixed	yes	asymmetric	_	no	chinese
SBIC011	semistructured-interview	00:41:42	2	PSB005;PSB078	italian;other	BO	fixed	yes	asymmetric	_	no	chinese
SBIC012	semistructured-interview	01:07:32	3	PSB005;PSB081;PSB082	italian	BO	fixed	yes	asymmetric	_	yes	chinese
SBIU001	semistructured-interview	01:20:54	2	PSB005;PSB007	italian;other	BO	fixed	yes	asymmetric	_	no	ukrainian
SBIU002	semistructured-interview	01:08:46	2	PSB005;PSB010	italian	BO	fixed	yes	asymmetric	_	no	ukrainian
SBIU003	semistructured-interview	01:30:05	2	PSB011;PSB012	italian;other	BO	fixed	yes	asymmetric	_	no	ukrainian
SBIU004	semistructured-interview	01:25:48	2	PSB005;PSB018	italian;other	BO	fixed	yes	asymmetric	_	no	ukrainian
SBIU005	semistructured-interview	01:06:08	2	PSB005;PSB019	italian	BO	fixed	yes	asymmetric	_	yes	ukrainian
SBIU006	semistructured-interview	01:09:03	2	PSB005;PSB020	italian;other	BO	fixed	yes	asymmetric	_	yes	ukrainian
SBIU007	semistructured-interview	00:37:19	3	PSB005;PSB030;PSB031	italian;other	BO	fixed	yes	asymmetric	_	yes	ukrainian
SBIU009	semistructured-interview	00:24:14	2	PSB005;PSB039	italian;other	BO	fixed	yes	asymmetric	_	yes	ukrainian
SBIU010	semistructured-interview	01:07:09	2	PSB005;PSB070	italian;other	BO	fixed	yes	asymmetric	_	no	ukrainian
