code	occupation	gender	conversations	birth-region	age-range	study-level	mothertongue	age-of-arrival-italy	years-in-italy
PSB001	2-Professionals	F	SBIC001	cina	31-35	phd	cinese mandarino	26-30	04-05
PSB002	0-Students	F	SBIC001	cina	26-30	university-degree-ongoing	cinese mandarino; lingua sinitica	21-25	04-05
PSB003	0-Students	F	SBIC002	cina	26-30	university-degree-ongoing	cinese mandarino	21-25	06-07
PSB004	0-Students	F	SBIC002	cina	26-30	university-degree-ongoing	cinese mandarino	26-30	02-03
PSB005	2-Professionals	F	SBCB002;SBCB006;SBCB007;SBCU001;SBCU002;SBCU007;SBCU007bis;SBCU007tris;SBCU008;SBCU008bis;SBIA002;SBIA003;SBIA004;SBIA005;SBIA008;SBIA011;SBIA012;SBIA013;SBIA014;SBIB001;SBIB002;SBIB003;SBIB004;SBIB007;SBIB009;SBIB010;SBIB011;SBIB012;SBIB013;SBIC001;SBIC002;SBIC004;SBIC005;SBIC006;SBIC008;SBIC009;SBIC010;SBIC012;SBIU001;SBIU002;SBIU004;SBIU005;SBIU006;SBIU007;SBIU009;SBIU010;SBIC011	emilia-romagna	31-35	phd	italiano	N/A	N/A
PSB007	2-Professionals	F	SBIU001	ucraina	31-35	phd	russo; ucraino	31-35	02-03
PSB008	2-Professionals	F	SBIC004	cina	26-30	university-degree	cinese mandarino; coreano	26-30	02-03
PSB009	2-Professionals	F	SBIC005	cina	21-25	university-degree	cinese mandarino	21-25	0-1
PSB010	6-Craft-Workers	F	SBIU002	ucraina	51-55	university-degree	ucraino	31-35	22-23
PSB011	2-Professionals	F	SBIU003	lombardia	41-45	phd	italiano	N/A	N/A
PSB012	8-Elementary	F	SBIU003	ucraina	26-30	university-degree	rumeno; moldavo	21-25	06-07
PSB013	2-Professionals	M	SBIC006	cina	26-30	university-degree	cinese mandarino	21-25	06-07
PSB014	0-Students	F	SBIA006;SBIC007	sicilia	21-25	university-degree-ongoing	italiano; arabo	N/A	N/A
PSB016	8-Elementary	M	SBIA002	marocco	36-40	foreign-diploma	arabo	21-25	12-13
PSB017	8-Elementary	M	SBIA002;SBIA004	marocco	41-45	foreign-diploma	arabo	26-30	18-19
PSB018	2-Professionals	F	SBIU004	ucraina	41-45	university-degree	russo; ucraino	41-45	02-03
PSB019	2-Professionals	F	SBIU005	ucraina	26-30	university-degree	ucraino	11-15	14-15
PSB020	0-Students	F	SBIU006	ucraina	31-35	university-degree-ongoing	ucraino	31-35	02-03
PSB021	0-Students	F	SBIB001	emilia-romagna	16-20	middle-school	italiano; bengalese	N/A	discontinuo
PSB022	0-Retired	F	SBCU001	ucraina	76-80	foreign-diploma	russo	46-50	24-25
PSB023	8-Elementary	M	SBIA003	marocco	41-45	middle-school	arabo	21-25	18-19
PSB024	8-Elementary	M	SBIA003	marocco	51-55	foreign-diploma	arabo	36-40	18-19
PSB025	8-Elementary	M	SBIA004	marocco	36-40	foreign-diploma	arabo	16-20	18-19
PSB026	5-Service-Workers	M	SBIB002	bangladesh	36-40	university-degree	bengalese	21-25	14-15
PSB027	8-Elementary	M	SBIA005	marocco	56-60	university-degree	arabo	31-35	24-25
PSB028	0-Students	F	SBIB002;SBIB005;SBIB008	calabria	21-25	university-degree-ongoing	italiano	N/A	N/A
PSB029	5-Service-Workers	M	SBIB003	bangladesh	31-35	technical-vocational-diploma	bengalese	16-20	14-15
PSB030	3-Technicians	F	SBIU007	ucraina	46-50	university-degree	ucraino	41-45	02-03
PSB031	3-Technicians	F	SBIU007	ucraina	36-40	university-degree	ucraino	36-40	0-1
PSB033	0-Students	F	SBIA006;SBIC007;SBCA001	emilia-romagna	21-25	liceo-diploma	italiano	N/A	N/A
PSB034	8-Elementary	M	SBIA006	marocco	16-20	middle-school	arabo	16-20	0-1
PSB035	8-Elementary	M	SBIC007	cina	51-55	middle-school	cinese mandarino	26-30	22-23
PSB036	0-Students	M	SBIC008;SBIB005;SBCU007;SBCU007bis;SBCU007tris	lombardia	21-25	university-degree-ongoing	italiano	N/A	N/A
PSB037	5-Service-Workers	M	SBIC008	cina	51-55	university-degree	cinese mandarino	21-25	30-31
PSB038	0-Students	F	SBIC008	emilia-romagna	16-20	middle-school	cinese mandarino; italiano	N/A	N/A
PSB039	0-Students	M	SBIU009	ucraina	16-20	university-degree-ongoing	ucraino	16-20	02-03
PSB041	5-Service-Workers	M	SBIB004	bangladesh	36-40	primary-school	bengalese	21-25	16-17
PSB042	0-Unemployed	F	SBIA008	marocco	36-40	foreign-diploma	arabo	36-40	02-03
PSB043	0-Unemployed	F	SBCA001	marocco	41-45	middle-school	arabo	21-25	18-19
PSB044	0-Students	F	SBCA001	campania	21-25	university-degree-ongoing	italiano	N/A	N/A
PSB045	0-Students	F	SBCA001	marocco	21-25	university-degree-ongoing	arabo	0-5	18-19
PSB046	5-Service-Workers	F	SBIC009	cina	31-35	middle-school	cinese mandarino; lingua sinitica	06-10	22-23
PSB049	8-Elementary	M	SBIB006;SBCB005	bangladesh	26-30	foreign-diploma	bengalese	21-25	06-07
PSB050	2-Professionals	M	SBIB006;SBCB005	marche	26-30	middle-school	italiano	N/A	N/A
PSB051	0-Unemployed	F	SBIB005	bangladesh	36-40	middle-school	bengalese	31-35	04-05
PSB052	8-Elementary	F	SBIB005	bangladesh	36-40	foreign-diploma	bengalese	26-30	10-11
PSB053	0-Unemployed	F	SBIB005	bangladesh	31-35	foreign-diploma	bengalese	16-20	12-13
PSB054	0-Students	F	SBIB005;SBIB008;SBCC003;SBCB004;SBIB003	abruzzo	21-25	university-degree-ongoing	italiano	N/A	N/A
PSB056	8-Elementary	M	SBIB007	bangladesh	66-70	foreign-diploma	bengalese	31-35	34-35
PSB057	0-Students	F	SBIB008	bangladesh	31-35	university-degree-ongoing	bengalese	21-25	08-09
PSB058	0-Students	M	SBIB009;SBIB010	bangladesh	16-20	middle-school	bengalese	16-20	02-03
PSB059	0-Students	M	SBIB010	bangladesh	16-20	middle-school	bengalese	11-15	02-03
PSB062	8-Elementary	M	SBIB011	bangladesh	41-45	technical-vocational-diploma	bengalese	16-20	24-25
PSB063	0-Students	M	SBIA011	molise	31-35	university-degree-ongoing	italiano	N/A	N/A
PSB064	5-Service-Workers	M	SBIA011	marocco	16-20	foreign-diploma	arabo	16-20	0-1
PSB065	0-Unemployed	F	SBIA012	marocco	26-30	middle-school	arabo	21-25	06-07
PSB066	0-Unemployed	F	SBIA013;SBIA012	marocco	51-55	foreign-diploma	arabo; francese	16-20	26-27
PSB067	6-Craft-Workers	F	SBIA013;SBIA014	marocco	41-45	foreign-diploma	arabo; francese	21-25	20-21
PSB068	6-Craft-Workers	F	SBIA013	marocco	26-30	primary-school	arabo	16-20	06-07
PSB069	0-Unemployed	F	SBIA013	marocco	46-50	foreign-diploma	arabo	26-30	16-17
PSB070	4-Clerical-Workers	M	SBIU010	ucraina	41-45	university-degree	ucraino; polacco	16-20	26-27
PSB071	4-Clerical-Workers	M	SBIB012;SBCB001	lazio	26-30	technical-vocational-diploma	italiano; bengalese	N/A	N/A
PSB072	3-Technicians	M	SBIB012;SBCB001	bangladesh	26-30	technical-vocational-diploma	bengalese	16-20	14-15
PSB073	8-Elementary	F	SBIB012;SBCB001	india	26-30	liceo-diploma	bengalese; hindi	11-15	discontinuo
PSB074	2-Professionals	F	SBIB012;SBCB001	albania	21-25	university-degree	italiano; albanese	0-5	20-21
PSB075	0-Students	M	SBIB013	bangladesh	21-25	university-degree-ongoing	italiano; bengalese	0-5	18-19
PSB076	5-Service-Workers	F	SBIB013	bangladesh	41-45	foreign-diploma	bengalese	26-30	16-17
PSB077	5-Service-Workers	F	SBIC010	emilia-romagna	21-25	middle-school	cinese mandarino; italiano	N/A	N/A
PSB078	5-Service-Workers	M	SBIC011	cina	31-35	technical-vocational-diploma	cinese mandarino; lingua sinitica	11-15	22-23
PSB079	0-Unemployed	F	SBIA014	marocco	36-40	university-degree	arabo	21-25	16-17
PSB080	0-Unemployed	F	SBIA014	marocco	36-40	primary-school	arabo	21-25	14-15
PSB081	5-Service-Workers	M	SBIC012	cina	41-45	middle-school	cinese mandarino; lingua sinitica	21-25	24-25
PSB082	2-Professionals	M	SBIC012	bielorussia	31-35	phd	italiano	0-5	34-35
PSB083	3-Technicians	M	SBCA002	emilia-romagna	26-30	technical-vocational-diploma	italiano	N/A	N/A
PSB084	0-Unemployed	F	SBCA002	marocco	51-55	middle-school	arabo	21-25	32-33
PSB085	unknown	F	SBCA002	emilia-romagna	26-30	university-degree	italiano	N/A	N/A
PSB086	8-Elementary	F	SBCU002;SBCU007;SBCU007bis;SBCU007tris	ucraina	41-45	foreign-diploma	ucraino	21-25	16-17
PSB087	0-Unemployed	F	SBCU002	ucraina	46-50	foreign-diploma	ucraino	16-20	24-25
PSB088	8-Elementary	M	SBCU002	ucraina	41-45	foreign-diploma	ucraino	21-25	12-13
PSB089	3-Technicians	M	SBCU002	friuli-venezia-giulia	31-35	university-degree	italiano	N/A	N/A
PSB090	0-Students	M	SBCU002	emilia-romagna	26-30	university-degree-ongoing	italiano	N/A	N/A
PSB091	4-Clerical-Workers	F	SBCU003;SBCU007;SBCU007bis;SBCU007tris;SBCU008;SBCU008bis	ucraina	46-50	university-degree	ucraino	26-30	22-23
PSB092	4-Clerical-Workers	M	SBCU003	lazio	51-55	liceo-diploma	italiano	N/A	N/A
PSB093	2-Professionals	F	SBCB002;SBCB006;SBCB007	pakistan	61-65	university-degree	bengalese; urdu	26-30	34-35
PSB094	0-Students	F	SBCB002;SBCB006	abruzzo	26-30	university-degree-ongoing	italiano	N/A	N/A
PSB095	3-Technicians	F	SBCB002;SBCB003;SBCB006;SBCB007	emilia-romagna	21-25	liceo-diploma	italiano	N/A	N/A
PSB099	0-Students	F	SBCA003;SBCA004	marocco	21-25	university-degree-ongoing	italiano; arabo	06-10	20-21
PSB100	2-Professionals	M	SBCA003;SBCA004	marocco	26-30	university-degree	italiano; arabo	0-5	20-21
PSB101	0-Students	F	SBCC003	cina	21-25	university-degree-ongoing	cinese mandarino; lingua sinitica	21-25	04-05
PSB102	0-Students	F	SBCC003	cina	26-30	university-degree-ongoing	cinese mandarino; lingua sinitica	21-25	02-03
PSB103	0-Students	M	SBCC003	emilia-romagna	21-25	university-degree-ongoing	italiano	N/A	N/A
PSB104	0-Students	F	SBCC004;SBCC008;SBCC009	emilia-romagna	21-25	university-degree-ongoing	italiano	N/A	N/A
PSB105	0-Students	F	SBCC004;SBCC008;SBCC009	cina	21-25	university-degree-ongoing	cinese mandarino	21-25	0-1
PSB106	0-Unemployed	M	SBCU005	ucraina	31-35	university-degree	ucraino	11-15	16-17
PSB107	3-Technicians	F	SBCU005	ucraina	51-55	university-degree	ucraino	16-20	30-31
PSB109	2-Professionals	F	SBCC005;SBCC006	cina	36-40	university-degree	cinese mandarino	21-25	18-19
PSB110	3-Technicians	M	SBCC005;SBCC006	emilia-romagna	36-40	university-degree	italiano	N/A	N/A
PSB113	2-Professionals	F	SBCC007	cina	36-40	university-degree	cinese mandarino	31-35	16-17
PSB114	4-Clerical-Workers	M	SBCC007	trentino-alto-adige	31-35	university-degree	italiano	N/A	N/A
PSB118	0-Students	M	SBCB003	stati uniti	21-25	university-degree-ongoing	italiano	N/A	N/A
PSB119	0-Students	F	SBCC008;SBCC009	cina	21-25	university-degree-ongoing	cinese mandarino	16-20	02-03
PSB120	0-Students	F	SBCC009	cina	21-25	university-degree-ongoing	cinese mandarino	21-25	0-1
PSB121	0-Students	F	SBCC010;SBCC011	cina	21-25	university-degree-ongoing	cinese mandarino	21-25	02-03
PSB122	6-Craft-Workers	M	SBCC010;SBCC011	emilia-romagna	61-65	middle-school	italiano	N/A	N/A
PSB125	8-Elementary	F	SBCA006	marocco	51-55	university-degree-ongoing	arabo	21-25	28-29
PSB126	0-Students	F	SBCA006	emilia-romagna	21-25	university-degree-ongoing	italiano; arabo	N/A	N/A
PSB127	8-Elementary	F	SBCU007;SBCU007bis;SBCU007tris	ucraina	56-60	university-degree	ucraino	46-50	06-07
PSB128	8-Elementary	F	SBCU007;SBCU007bis;SBCU007tris	ucraina	36-40	university-degree	ucraino	26-30	10-11
PSB129	2-Professionals	F	SBCU007;SBCU007bis;SBCU007tris	molise	31-35	phd	italiano	N/A	N/A
PSB130	2-Professionals	F	SBCU007;SBCU007bis;SBCU007tris	veneto	26-30	university-degree	italiano	N/A	N/A
PSB133	5-Service-Workers	M	SBCB004	bangladesh	21-25	technical-vocational-diploma	bengalese	0-5	18-19
PSB134	0-Students	M	SBCB004	lombardia	26-30	university-degree-ongoing	italiano	N/A	N/A
PSB135	0-Unemployed	M	SBCB004	emilia-romagna	21-25	foreign-diploma	italiano	N/A	N/A
PSB136	2-Professionals	F	SBCC012	basilicata	21-25	university-degree-ongoing	cinese mandarino; italiano	N/A	N/A
PSB137	2-Professionals	F	SBCC012	campania	21-25	university-degree-ongoing	cinese mandarino; italiano	N/A	N/A
PSB140	4-Clerical-Workers	F	SBCA008	emilia-romagna	61-65	foreign-diploma	italiano	N/A	N/A
PSB141	0-Unemployed	F	SBCA008;SBIA018	marocco	31-35	foreign-diploma	arabo	21-25	10-11
PSB142	0-Students	F	SBCA009	emilia-romagna	21-25	university-degree-ongoing	italiano	N/A	N/A
PSB143	0-Students	F	SBCA009	emilia-romagna	21-25	university-degree-ongoing	italiano; arabo	N/A	N/A
PSB144	5-Service-Workers	F	SBIA015	marocco	46-50	primary-school	arabo	36-40	06-07
PSB145	0-Unemployed	F	SBIA015	marocco	41-45	foreign-diploma	arabo	36-40	04-05
PSB146	0-Students	F	SBIA015;SBIA017	emilia-romagna	21-25	university-degree-ongoing	italiano	N/A	N/A
PSB147	0-Students	M	SBIA017	marocco	21-25	university-degree-ongoing	arabo; berbero	21-25	0-1
PSB149	3-Technicians	M	SBCU010	ucraina	31-35	university-degree	russo	11-15	23-24
PSB150	0-Unemployed	F	SBCU010	ucraina	46-50	foreign-diploma	russo	N/A	N/A
PSB151	0-Students	F	SBCB008	abruzzo	31-35	university-degree-ongoing	italiano	N/A	N/A
PSB152	8-Elementary	M	SBCB008	bangladesh	26-30	middle-school	bengalese	16-20	06-07
PSB153	0-Unemployed	F	SBIA017	marocco	16-20	middle-school	arabo	16-20	04-05
PSB156	0-Students	F	SBIA018	emilia-romagna	21-25	university-degree-ongoing	italiano	N/A	N/A
PSB157	0-Students	F	SBIA019	emilia-romagna	21-25	university-degree-ongoing	italiano	N/A	N/A
PSB158	5-Service-Workers	M	SBIA019	piemonte	21-25	liceo-diploma	italiano; albanese	N/A	N/A
PSB159	0-Unemployed	F	SBIA019	marocco	46-50	foreign-diploma	arabo	21-25	20-21
PSB160	0-Retired	M	SBIA019	marocco	71-75	none	arabo	36-40	34-35
PSB161	3-Technicians	F	SBCA010	emilia-romagna	21-25	university-degree	italiano; arabo	N/A	N/A
PSB162	6-Craft-Workers	M	SBCA010	marocco	56-60	university-degree	arabo	21-25	36-37
PSB163	3-Technicians	M	SBCA010	emilia-romagna	26-30	foreign-diploma	italiano	N/A	N/A
PSB164	0-Students	F	SBCA011	emilia-romagna	21-25	university-degree-ongoing	italiano	N/A	N/A
PSB165	6-Craft-Workers	M	SBCA011	marocco	21-25	technical-vocational-diploma	arabo	0-5	18-19
