token_id	speaker	tu_id	span	form	type	variation	jefferson_feats	align	prolongations	pace	guesses	overlaps
0-0	PSB110	0	#ocio	ocio	linguistic	all	Language=NO_ISO_CODE	Begin=15.31|End=15.9	_	_	_	_
1-0	PSB109	1	come	come	linguistic	none	_	Begin=17.93	_	_	_	_
1-1	PSB109	1	mai	mai	linguistic	none	_	_	_	_	_	_
1-2	PSB109	1	è	è	linguistic	none	_	_	_	_	_	_
1-3	PSB109	1	venuto	venuto	linguistic	none	_	_	_	_	_	_
1-4	PSB109	1	così	così	linguistic	none	_	_	_	_	_	_
1-5	PSB109	1	un	un	linguistic	none	_	_	_	_	_	_
1-6	PSB109	1	po'	po'	linguistic	none	_	_	_	_	_	_
1-7	PSB109	1	irregolare?	irregolare	linguistic	none	Intonation=rising	End=20.44	_	_	_	_
2-0	PSB109	2	è::	è	linguistic	none	_	Begin=21.0	0x2	_	_	_
2-1	PSB109	2	aria	aria	linguistic	none	_	_	_	_	_	_
2-2	PSB109	2	che::	che	linguistic	none	_	_	2x2	_	_	_
2-3	PSB109	2	mh	mh	linguistic	none	_	End=23.1	_	_	_	_
3-0	PSB110	3	vedi	vedi	linguistic	none	_	Begin=29.9	_	_	_	_
3-1	PSB110	3	che	che	linguistic	none	_	_	_	_	_	_
3-2	PSB110	3	adesso	adesso	linguistic	none	_	_	_	_	_	_
3-3	PSB110	3	poi	poi	linguistic	none	_	_	_	_	_	_
3-4	PSB110	3	si	si	linguistic	none	_	_	_	_	_	_
3-5	PSB110	3	(sgonfia)	sgonfia	linguistic	none	_	End=31.42	_	_	0-7(0)	_
4-0	PSB109	4	si	si	linguistic	none	_	Begin=31.44	_	_	_	_
4-1	PSB109	4	dovrebbe	dovrebbe	linguistic	none	_	_	_	_	_	_
4-2	PSB109	4	girare	girare	linguistic	none	_	End=32.91	_	_	_	_
5-0	PSB110	5	[no	no	linguistic	none	_	Begin=33.24	_	_	_	0-2(0)
5-1	PSB110	5	no]	no	linguistic	none	_	_	_	_	_	0-2(0)
5-2	PSB110	5	xx	x	unknown	none	_	_	_	_	_	_
5-3	PSB110	5	no	no	linguistic	none	_	_	_	_	_	_
5-4	PSB110	5	no	no	linguistic	none	_	_	_	_	_	_
5-5	PSB110	5	non	non	linguistic	none	_	_	_	_	_	_
5-6	PSB110	5	la	la	linguistic	none	_	_	_	_	_	_
5-7	PSB110	5	giro	giro	linguistic	none	_	_	_	_	_	_
5-8	PSB110	5	mica	mica	linguistic	none	_	End=35.7	_	_	_	_
6-0	PSB109	6	[(così)]	così	linguistic	none	_	Begin=33.55|End=34.07	_	_	0-4(0)	0-4(0)
7-0	PSB109	7	no:	no	linguistic	none	_	Begin=36.07|End=36.64	1x1	_	_	_
8-0	PSB109	8	xx	x	unknown	none	_	Begin=39.85	_	_	_	_
8-1	PSB109	8	xx	x	unknown	none	_	_	_	_	_	_
8-2	PSB109	8	provo	provo	linguistic	none	_	_	_	_	_	_
8-3	PSB109	8	a	a	linguistic	none	_	_	_	_	_	_
8-4	PSB109	8	rimetterlo	rimetterlo	linguistic	none	_	End=42.52	_	_	_	_
9-0	PSB110	9	boh	boh	linguistic	none	_	Begin=42.52	_	_	_	_
9-1	PSB110	9	vabbé	vabbé	linguistic	none	_	_	_	_	_	_
9-2	PSB110	9	se	se	linguistic	none	_	_	_	_	_	_
9-3	PSB110	9	mi	mi	linguistic	none	_	_	_	_	_	_
9-4	PSB110	9	dai	dai	linguistic	none	_	_	_	_	_	_
9-5	PSB110	9	i	i	linguistic	none	_	_	_	_	_	_
9-6	PSB110	9	piatti	piatti	linguistic	none	_	_	_	_	_	_
9-7	PSB110	9	(già)	già	linguistic	none	_	_	_	_	0-3(0)	_
9-8	PSB110	9	[lo	lo	linguistic	none	_	_	_	_	_	0-2(1)
9-9	PSB110	9	dividiamo]	dividiamo	linguistic	none	_	_	_	_	_	0-9(1)
9-10	PSB110	9	in	in	linguistic	none	_	_	_	_	_	_
9-11	PSB110	9	due:	due	linguistic	none	_	End=45.4	2x1	_	_	_
10-0	PSB109	10	[(va	va	linguistic	none	_	Begin=44.34	_	_	0-2(0)	0-2(1)
10-1	PSB109	10	bene)]	bene	linguistic	none	_	End=44.89	_	_	0-4(0)	0-4(1)
11-0	PSB109	11	mh	mh	linguistic	none	_	Begin=45.56|End=45.99	_	_	_	_
12-0	PSB110	12	e	e	linguistic	none	_	Begin=47.32	_	_	_	_
12-1	PSB110	12	mi	mi	linguistic	none	_	_	_	_	_	_
12-2	PSB110	12	dai	dai	linguistic	none	_	_	_	_	_	_
12-3	PSB110	12	anche	anche	linguistic	none	_	_	_	_	_	_
12-4	PSB110	12	il	il	linguistic	none	_	_	_	_	_	_
12-5	PSB110	12	leccapentola	leccapentola	linguistic	none	_	_	_	_	_	_
12-6	PSB110	12	così	così	linguistic	none	_	_	_	_	_	_
12-7	PSB110	12	la	la	linguistic	none	_	_	_	_	_	_
12-8	PSB110	12	(rompo)	rompo	linguistic	none	_	End=49.61	_	_	0-5(0)	_
13-0	PSB109	13	a	a	linguistic	none	_	Begin=57.92	_	_	_	_
13-1	PSB109	13	che	che	linguistic	none	_	_	_	_	_	_
13-2	PSB109	13	ora::	ora	linguistic	none	_	_	2x2	_	_	_
13-3	PSB109	13	{P}	{P}	shortpause	none	_	_	_	_	_	_
13-4	PSB109	13	sempre	sempre	linguistic	none	_	_	_	_	_	_
13-5	PSB109	13	per	per	linguistic	none	_	_	_	_	_	_
13-6	PSB109	13	le	le	linguistic	none	_	_	_	_	_	_
13-7	PSB109	13	otto	otto	linguistic	none	_	_	_	_	_	_
13-8	PSB109	13	dovete	dovete	linguistic	none	_	_	_	_	_	_
13-9	PSB109	13	esserci?	esserci	linguistic	none	Intonation=rising	End=61.52	_	_	_	_
14-0	PSB110	14	mh	mh	linguistic	none	_	Begin=61.6|End=61.99	_	_	_	_
15-0	PSB110	15	mh	mh	linguistic	none	_	Begin=74.23|End=74.62	_	_	_	_
16-0	PSB109	16	m:h	mh	linguistic	none	_	Begin=75.84	0x1	_	_	_
16-1	PSB109	16	per	per	linguistic	none	_	_	_	_	_	_
16-2	PSB109	16	me	me	linguistic	none	_	_	_	_	_	_
16-3	PSB109	16	è	è	linguistic	none	_	_	_	_	_	_
16-4	PSB109	16	troppo	troppo	linguistic	none	_	_	_	_	_	_
16-5	PSB109	16	adesso	adesso	linguistic	none	_	_	_	_	_	_
16-6	PSB109	16	xx	x	unknown	none	_	End=77.81	_	_	_	_
17-0	PSB110	17	cosa	cosa	linguistic	none	_	Begin=82.71	_	_	_	_
17-1	PSB110	17	hai	hai	linguistic	none	_	_	_	_	_	_
17-2	PSB110	17	mangiato	mangiato	linguistic	none	_	_	_	_	_	_
17-3	PSB110	17	oggi?	oggi	linguistic	none	Intonation=rising	End=83.97	_	_	_	_
18-0	PSB109	18	mangiato	mangiato	linguistic	none	_	Begin=84.69	_	_	_	_
18-1	PSB109	18	un	un	linguistic	none	_	_	_	_	_	_
18-2	PSB109	18	po'::	po'	linguistic	none	_	End=86.49	1x2	_	_	_
19-0	PSB109	19	di::	di	linguistic	none	_	Begin=86.89	1x2	_	_	_
19-1	PSB109	19	{P}	{P}	shortpause	none	_	_	_	_	_	_
19-2	PSB109	19	spaghetti::	spaghetti	linguistic	none	_	_	8x2	_	_	_
19-3	PSB109	19	{P}	{P}	shortpause	none	_	_	_	_	_	_
19-4	PSB109	19	di	di	linguistic	none	_	_	_	_	_	_
19-5	PSB109	19	soia	soia	linguistic	none	_	End=89.41	_	_	_	_
20-0	PSB109	20	m::h	mh	linguistic	none	_	Begin=98.0|End=98.76	0x2	_	_	_
21-0	PSB109	21	to~	to~	linguistic	none	Interrupted=Yes	Begin=98.85	_	_	_	_
21-1	PSB109	21	devo	devo	linguistic	none	_	_	_	_	_	_
21-2	PSB109	21	andare	andare	linguistic	none	_	_	_	_	_	_
21-3	PSB109	21	a	a	linguistic	none	_	_	_	_	_	_
21-4	PSB109	21	forlì	forlì	linguistic	none	_	_	_	_	_	_
21-5	PSB109	21	a	a	linguistic	none	_	_	_	_	_	_
21-6	PSB109	21	fare	fare	linguistic	none	_	_	_	_	_	_
21-7	PSB109	21	le:	le	linguistic	none	_	_	1x1	_	_	_
21-8	PSB109	21	{P}	{P}	shortpause	none	_	_	_	_	_	_
21-9	PSB109	21	fare	fare	linguistic	none	_	_	_	_	_	_
21-10	PSB109	21	la	la	linguistic	none	_	_	_	_	_	_
21-11	PSB109	21	spesa	spesa	linguistic	none	_	_	_	_	_	_
21-12	PSB109	21	ma	ma	linguistic	none	_	End=102.61	_	_	_	_
22-0	PSB109	22	adesso::	adesso	linguistic	none	_	Begin=103.37	5x2	_	_	_
22-1	PSB109	22	vedo	vedo	linguistic	none	_	_	_	_	_	_
22-2	PSB109	22	la	la	linguistic	none	_	_	_	_	_	_
22-3	PSB109	22	prossima	prossima	linguistic	none	_	_	_	_	_	_
22-4	PSB109	22	settimana:	settimana	linguistic	none	_	_	8x1	_	_	_
22-5	PSB109	22	che	che	linguistic	none	_	_	_	_	_	_
22-6	PSB109	22	impegni	impegni	linguistic	none	_	_	_	_	_	_
22-7	PSB109	22	ho:	ho	linguistic	none	_	_	1x1	_	_	_
22-8	PSB109	22	al	al	linguistic	none	_	_	_	_	_	_
22-9	PSB109	22	massimo	massimo	linguistic	none	_	_	_	_	_	_
22-10	PSB109	22	ci:	ci	linguistic	none	_	_	1x1	_	_	_
22-11	PSB109	22	vado	vado	linguistic	none	_	End=109.14	_	_	_	_
23-0	PSB109	23	quando	quando	linguistic	none	_	Begin=109.79	_	_	_	_
23-1	PSB109	23	dobbiamo	dobbiamo	linguistic	none	_	_	_	_	_	_
23-2	PSB109	23	andare	andare	linguistic	none	_	_	_	_	_	_
23-3	PSB109	23	dalla	dalla	linguistic	none	_	_	_	_	_	_
23-4	PSB109	23	mia	mia	linguistic	none	_	_	_	_	_	_
23-5	PSB109	23	amica	amica	linguistic	none	_	_	_	_	_	_
23-6	PSB109	23	dalla	dalla	linguistic	none	_	_	_	_	_	_
23-7	PSB109	23	mia	mia	linguistic	none	_	_	_	_	_	_
23-8	PSB109	23	collega	collega	linguistic	none	_	End=113.15	_	_	_	_
24-0	PSB110	24	a:h	ah	linguistic	none	_	Begin=113.23|End=113.8	0x1	_	_	_
25-0	PSB110	25	(a)	a	linguistic	none	_	Begin=116.29	_	_	0-1(0)	_
25-1	PSB110	25	quando	quando	linguistic	none	_	_	_	_	_	_
25-2	PSB110	25	ci	ci	linguistic	none	_	_	_	_	_	_
25-3	PSB110	25	xxx	x	unknown	none	_	End=117.43	_	_	_	_
26-0	PSB109	26	il	il	linguistic	none	_	Begin=118.74	_	_	_	_
26-1	PSB109	26	ponte:	ponte	linguistic	none	_	End=119.56	4x1	_	_	_
27-0	PSB110	27	a:h	ah	linguistic	none	_	Begin=119.56|End=120.15	0x1	_	_	_
28-0	PSB109	28	m::h	mh	linguistic	none	_	Begin=121.13	0x2	_	_	_
28-1	PSB109	28	adesso	adesso	linguistic	none	_	_	_	_	_	_
28-2	PSB109	28	no:n	non	linguistic	none	_	_	1x1	_	_	_
28-3	PSB109	28	{P}	{P}	shortpause	none	_	_	_	_	_	_
28-4	PSB109	28	non	non	linguistic	none	_	_	_	_	_	_
28-5	PSB109	28	credo	credo	linguistic	none	_	_	_	_	_	_
28-6	PSB109	28	che	che	linguistic	none	_	_	_	_	_	_
28-7	PSB109	28	abbiamo	abbiamo	linguistic	none	_	_	_	_	_	_
28-8	PSB109	28	definito	definito	linguistic	none	_	_	_	_	_	_
28-9	PSB109	28	un	un	linguistic	none	_	_	_	_	_	_
28-10	PSB109	28	giorno	giorno	linguistic	none	_	_	_	_	_	_
28-11	PSB109	28	ma	ma	linguistic	none	_	_	_	_	_	_
28-12	PSB109	28	per	per	linguistic	none	_	_	_	_	_	_
28-13	PSB109	28	tanto:	tanto	linguistic	none	_	_	4x1	_	_	_
28-14	PSB109	28	vedrai	vedrai	linguistic	none	_	_	_	_	_	_
28-15	PSB109	28	che	che	linguistic	none	_	_	_	_	_	_
28-16	PSB109	28	per	per	linguistic	none	_	_	_	_	_	_
28-17	PSB109	28	lei	lei	linguistic	none	_	_	_	_	_	_
28-18	PSB109	28	è	è	linguistic	none	_	_	_	_	_	_
28-19	PSB109	28	uguale::	uguale	linguistic	none	_	End=128.48	5x2	_	_	_
29-0	PSB109	29	un	un	linguistic	none	_	Begin=128.55	_	_	_	_
29-1	PSB109	29	giorno	giorno	linguistic	none	_	_	_	_	_	_
29-2	PSB109	29	dall'	dall'	linguistic	none	SpaceAfter=No	_	_	_	_	_
29-3	PSB109	29	altro	altro	linguistic	none	_	End=129.7	_	_	_	_
30-0	PSB109	30	dopo:	dopo	linguistic	none	_	Begin=130.55	3x1	_	_	_
30-1	PSB109	30	{P}	{P}	shortpause	none	_	_	_	_	_	_
30-2	PSB109	30	magari	magari	linguistic	none	_	_	_	_	_	_
30-3	PSB109	30	me	me	linguistic	none	_	_	_	_	_	_
30-4	PSB109	30	lo	lo	linguistic	none	_	_	_	_	_	_
30-5	PSB109	30	dici	dici	linguistic	none	_	_	_	_	_	_
30-6	PSB109	30	tu	tu	linguistic	none	_	End=132.3	_	_	_	_
31-0	PSB109	31	(cos'	cos'	linguistic	none	SpaceAfter=No	Begin=134.87	_	_	0-4(0)	_
31-1	PSB109	31	è	è	linguistic	none	_	_	_	_	0-1(0)	_
31-2	PSB109	31	no)	no	linguistic	none	_	_	_	_	0-2(0)	_
31-3	PSB109	31	è	è	linguistic	none	_	_	_	_	_	_
31-4	PSB109	31	venerdì	venerdì	linguistic	none	_	_	_	_	_	_
31-5	PSB109	31	sabato	sabato	linguistic	none	_	_	_	_	_	_
31-6	PSB109	31	domenica	domenica	linguistic	none	_	_	_	_	_	_
31-7	PSB109	31	o	o	linguistic	none	_	_	_	_	_	_
31-8	PSB109	31	sabato	sabato	linguistic	none	_	_	_	_	_	_
31-9	PSB109	31	domenica	domenica	linguistic	none	_	_	_	_	_	_
31-10	PSB109	31	lunedì?	lunedì	linguistic	none	Intonation=rising	End=138.21	_	_	_	_
32-0	PSB110	32	venerdì	venerdì	linguistic	none	_	Begin=138.38	_	_	_	_
32-1	PSB110	32	sabato	sabato	linguistic	none	_	_	_	_	_	_
32-2	PSB110	32	domenica	domenica	linguistic	none	_	End=139.55	_	_	_	_
33-0	PSB109	33	a:h	ah	linguistic	none	_	Begin=139.55|End=140.03	0x1	_	_	_
34-0	PSB109	34	a:h	ah	linguistic	none	_	Begin=141.41	0x1	_	_	_
34-1	PSB109	34	e	e	linguistic	none	_	_	_	_	_	_
34-2	PSB109	34	allora	allora	linguistic	none	_	_	_	_	_	_
34-3	PSB109	34	{P}	{P}	shortpause	none	_	_	_	_	_	_
34-4	PSB109	34	cos'	cos'	linguistic	none	SpaceAfter=No	_	_	_	_	_
34-5	PSB109	34	è	è	linguistic	none	_	_	_	_	_	_
34-6	PSB109	34	da	da	linguistic	none	_	_	_	_	_	_
34-7	PSB109	34	{P}	{P}	shortpause	none	_	_	_	_	_	_
34-8	PSB109	34	dal	dal	linguistic	none	_	_	_	_	_	_
34-9	PSB109	34	primo	primo	linguistic	none	_	_	_	_	_	_
34-10	PSB109	34	novembre	novembre	linguistic	none	_	_	_	_	_	_
34-11	PSB109	34	inizia?	inizia	linguistic	none	Intonation=rising	End=145.58	_	_	_	_
35-0	PSB110	35	sì:	sì	linguistic	none	_	Begin=145.6|End=146.05	1x1	_	_	_
36-0	PSB109	36	ah	ah	linguistic	none	_	Begin=147.2	_	_	_	_
36-1	PSB109	36	e::h	eh	linguistic	none	_	_	0x2	_	_	_
36-2	PSB109	36	allora	allora	linguistic	none	_	_	_	_	_	_
36-3	PSB109	36	forse	forse	linguistic	none	_	_	_	_	_	_
36-4	PSB109	36	il	il	linguistic	none	_	End=149.42	_	_	_	_
37-0	PSB109	37	primo	primo	linguistic	none	_	Begin=150.0	_	_	_	_
37-1	PSB109	37	novembre	novembre	linguistic	none	_	_	_	_	_	_
37-2	PSB109	37	devo::	devo	linguistic	none	_	_	3x2	_	_	_
37-3	PSB109	37	lavorare	lavorare	linguistic	none	_	_	_	_	_	_
37-4	PSB109	37	mezza	mezza	linguistic	none	_	_	_	_	_	_
37-5	PSB109	37	giornata	giornata	linguistic	none	_	End=152.93	_	_	_	_
38-0	PSB109	38	non:	non	linguistic	none	_	Begin=153.54|End=154.25	2x1	_	_	_
39-0	PSB109	39	non	non	linguistic	none	_	Begin=154.67	_	_	_	_
39-1	PSB109	39	me	me	linguistic	none	_	_	_	_	_	_
39-2	PSB109	39	ne	ne	linguistic	none	_	_	_	_	_	_
39-3	PSB109	39	sono	sono	linguistic	none	_	_	_	_	_	_
39-4	PSB109	39	accorta	accorta	linguistic	none	_	End=155.76	_	_	_	_
40-0	PSB109	40	(e	e	linguistic	none	_	Begin=157.7	_	_	0-1(0)	_
40-1	PSB109	40	ormai)	ormai	linguistic	none	_	_	_	_	0-5(0)	_
40-2	PSB109	40	avrei	avrei	linguistic	none	_	_	_	_	_	_
40-3	PSB109	40	dovuto	dovuto	linguistic	none	_	_	_	_	_	_
40-4	PSB109	40	fare:	fare	linguistic	none	_	_	3x1	_	_	_
40-5	PSB109	40	{P}	{P}	shortpause	none	_	_	_	_	_	_
40-6	PSB109	40	una	una	linguistic	none	_	_	_	_	_	_
40-7	PSB109	40	tariffa::	tariffa	linguistic	none	_	End=161.02	6x2	_	_	_
41-0	PSB109	41	festiva	festiva	linguistic	none	_	Begin=161.44|End=162.51	_	_	_	_
42-0	PSB109	42	no	no	linguistic	none	_	Begin=163.35	_	_	_	_
42-1	PSB109	42	però	però	linguistic	none	_	_	_	_	_	_
42-2	PSB109	42	non	non	linguistic	none	_	_	_	_	_	_
42-3	PSB109	42	è	è	linguistic	none	_	_	_	_	_	_
42-4	PSB109	42	il	il	linguistic	none	_	_	_	_	_	_
42-5	PSB109	42	giorno:	giorno	linguistic	none	_	End=164.72	5x1	_	_	_
43-0	PSB109	43	è	è	linguistic	none	_	Begin=164.86	_	_	_	_
43-1	PSB109	43	un	un	linguistic	none	_	_	_	_	_	_
43-2	PSB109	43	giorno	giorno	linguistic	none	_	_	_	_	_	_
43-3	PSB109	43	di	di	linguistic	none	_	_	_	_	_	_
43-4	PSB109	43	festa?	festa	linguistic	none	Intonation=rising	End=166.14	_	_	_	_
44-0	PSB109	44	o:::	o	linguistic	none	_	Begin=167.66	0x3	_	_	_
44-1	PSB109	44	o::	o	linguistic	none	_	_	0x2	_	_	_
44-2	PSB109	44	è	è	linguistic	none	_	_	_	_	_	_
44-3	PSB109	44	un	un	linguistic	none	_	_	_	_	_	_
44-4	PSB109	44	giorno	giorno	linguistic	none	_	_	_	_	_	_
44-5	PSB109	44	di	di	linguistic	none	_	_	_	_	_	_
44-6	PSB109	44	festa	festa	linguistic	none	_	End=169.7	_	_	_	_
45-0	PSB110	45	eh	eh	linguistic	none	_	Begin=169.7	_	_	_	_
45-1	PSB110	45	io	io	linguistic	none	_	_	_	_	_	_
45-2	PSB110	45	non	non	linguistic	none	_	_	_	_	_	_
45-3	PSB110	45	ho	ho	linguistic	none	_	_	_	_	_	_
45-4	PSB110	45	mica	mica	linguistic	none	_	_	_	_	_	_
45-5	PSB110	45	(da)	da	linguistic	none	_	_	_	_	0-2(0)	_
45-6	PSB110	45	restare	restare	linguistic	none	_	_	_	_	_	_
45-7	PSB110	45	a	a	linguistic	none	_	_	_	_	_	_
45-8	PSB110	45	casa	casa	linguistic	none	_	End=171.54	_	_	_	_
46-0	PSB109	46	eh	eh	linguistic	none	_	Begin=171.88	_	_	_	_
46-1	PSB109	46	giusto	giusto	linguistic	none	_	End=172.71	_	_	_	_
47-0	PSB109	47	non	non	linguistic	none	_	Begin=173.02	_	_	_	_
47-1	PSB109	47	è	è	linguistic	none	_	_	_	_	_	_
47-2	PSB109	47	ponte	ponte	linguistic	none	_	_	_	_	_	_
47-3	PSB109	47	come	come	linguistic	none	_	_	_	_	_	_
47-4	PSB109	47	per	per	linguistic	none	_	_	_	_	_	_
47-5	PSB109	47	dire:	dire	linguistic	none	_	_	3x1	_	_	_
47-6	PSB109	47	gio~	gio~	linguistic	none	Interrupted=Yes	_	_	_	_	_
47-7	PSB109	47	da	da	linguistic	none	_	_	_	_	_	_
47-8	PSB109	47	giovedì	giovedì	linguistic	none	_	_	_	_	_	_
47-9	PSB109	47	è	è	linguistic	none	_	_	_	_	_	_
47-10	PSB109	47	venerdì	venerdì	linguistic	none	_	_	_	_	_	_
47-11	PSB109	47	proprio	proprio	linguistic	none	_	End=177.13	_	_	_	_
48-0	PSB109	48	mh	mh	linguistic	none	_	Begin=177.2|End=177.63	_	_	_	_
49-0	PSB109	49	ah	ah	linguistic	none	_	Begin=178.27|End=178.72	_	_	_	_
50-0	PSB109	50	qui	qui	linguistic	none	_	Begin=189.96	_	_	_	_
50-1	PSB109	50	ci	ci	linguistic	none	_	_	_	_	_	_
50-2	PSB109	50	volevano	volevano	linguistic	none	_	_	_	_	_	_
50-3	PSB109	50	anche	anche	linguistic	none	_	_	_	_	_	_
50-4	PSB109	50	le	le	linguistic	none	_	_	_	_	_	_
50-5	PSB109	50	olive	olive	linguistic	none	_	_	_	_	_	_
50-6	PSB109	50	ma	ma	linguistic	none	_	End=191.93	_	_	_	_
51-0	PSB109	51	pazienza	pazienza	linguistic	none	_	Begin=192.15|End=193.07	_	_	_	_
52-0	PSB109	52	e	e	linguistic	none	_	Begin=196.07	_	_	_	_
52-1	PSB109	52	le	le	linguistic	none	_	_	_	_	_	_
52-2	PSB109	52	acciughe	acciughe	linguistic	none	_	End=197.11	_	_	_	_
53-0	PSB109	53	però	però	linguistic	none	_	Begin=197.7	_	_	_	_
53-1	PSB109	53	quello	quello	linguistic	none	_	_	_	_	_	_
53-2	PSB109	53	che	che	linguistic	none	_	_	_	_	_	_
53-3	PSB109	53	avevo	avevo	linguistic	none	_	_	_	_	_	_
53-4	PSB109	53	mangiato:	mangiato	linguistic	none	_	End=199.44	7x1	_	_	_
54-0	PSB109	54	secondo	secondo	linguistic	none	_	Begin=199.91	_	_	_	_
54-1	PSB109	54	me	me	linguistic	none	_	_	_	_	_	_
54-2	PSB109	54	l'	l'	linguistic	none	SpaceAfter=No	_	_	_	_	_
54-3	PSB109	54	altro	altro	linguistic	none	_	_	_	_	_	_
54-4	PSB109	54	giorno	giorno	linguistic	none	_	End=201.03	_	_	_	_
55-0	PSB109	55	a::	a	linguistic	none	_	Begin=202.6|End=203.31	0x2	_	_	_
56-0	PSB109	56	come	come	linguistic	none	_	Begin=205.3	_	_	_	_
56-1	PSB109	56	si	si	linguistic	none	_	_	_	_	_	_
56-2	PSB109	56	chiama	chiama	linguistic	none	_	End=206.2	_	_	_	_
57-0	PSB110	57	xxx	x	unknown	none	_	Begin=206.52|End=207.34	_	_	_	_
58-0	PSB109	58	mh	mh	linguistic	none	_	Begin=207.64|End=208.15	_	_	_	_
59-0	PSB109	59	non:	non	linguistic	none	_	Begin=208.54	2x1	_	_	_
59-1	PSB109	59	{P}	{P}	shortpause	none	_	_	_	_	_	_
59-2	PSB109	59	non	non	linguistic	none	_	_	_	_	_	_
59-3	PSB109	59	avevano:	avevano	linguistic	none	_	End=210.37	6x1	_	_	_
60-0	PSB109	60	le	le	linguistic	none	_	Begin=210.63	_	_	_	_
60-1	PSB109	60	acciughe	acciughe	linguistic	none	_	End=211.51	_	_	_	_
61-0	PSB109	61	a::h	ah	linguistic	none	_	Begin=215.72|End=216.24	0x2	_	_	_
62-0	PSB109	62	a::h	ah	linguistic	none	_	Begin=217.72|End=218.3	0x2	_	_	_
63-0	PSB109	63	in	in	linguistic	none	_	Begin=229.94	_	_	_	_
63-1	PSB109	63	quanti	quanti	linguistic	none	_	_	_	_	_	_
63-2	PSB109	63	siete	siete	linguistic	none	_	_	_	_	_	_
63-3	PSB109	63	lo	lo	linguistic	none	_	_	_	_	_	_
63-4	PSB109	63	sai?	sai	linguistic	none	Intonation=rising	End=231.22	_	_	_	_
64-0	PSB109	64	stasera	stasera	linguistic	none	_	Begin=231.29|End=231.83	_	_	_	_
65-0	PSB110	65	bo:h	boh	linguistic	none	_	Begin=231.91	1x1	_	_	_
65-1	PSB110	65	una	una	linguistic	none	_	_	_	_	_	_
65-2	PSB110	65	trentina	trentina	linguistic	none	_	End=233.39	_	_	_	_
66-0	PSB109	66	beh	beh	linguistic	none	_	Begin=233.43|End=233.86	_	_	_	_
67-0	PSB109	67	dopo	dopo	linguistic	none	_	Begin=247.27	_	_	_	_
67-1	PSB109	67	mi	mi	linguistic	none	_	_	_	_	_	_
67-2	PSB109	67	saluti	saluti	linguistic	none	_	_	_	_	_	_
67-3	PSB109	67	la	la	linguistic	none	_	_	_	_	_	_
67-4	PSB109	67	@michi	michi	linguistic	none	_	End=248.89	_	_	_	_
68-0	PSB110	68	mh	mh	linguistic	none	_	Begin=249.06|End=249.44	_	_	_	_
69-0	PSB110	69	ah	ah	linguistic	none	_	Begin=255.87	_	_	_	_
69-1	PSB110	69	non	non	linguistic	none	_	_	_	_	_	_
69-2	PSB110	69	ho	ho	linguistic	none	_	_	_	_	_	_
69-3	PSB110	69	capito	capito	linguistic	none	_	_	_	_	_	_
69-4	PSB110	69	se	se	linguistic	none	_	_	_	_	_	_
69-5	PSB110	69	prossima	prossima	linguistic	none	_	_	_	_	_	_
69-6	PSB110	69	settimana:	settimana	linguistic	none	_	_	8x1	_	_	_
69-7	PSB110	69	{P}	{P}	shortpause	none	_	_	_	_	_	_
69-8	PSB110	69	dove	dove	linguistic	none	_	_	_	_	_	_
69-9	PSB110	69	devi	devi	linguistic	none	_	_	_	_	_	_
69-10	PSB110	69	andare?	andare	linguistic	none	Intonation=rising	End=259.32	_	_	_	_
70-0	PSB109	70	mh	mh	linguistic	none	_	Begin=260.36|End=260.82	_	_	_	_
71-0	PSB109	71	ah	ah	linguistic	none	_	Begin=262.19	_	_	_	_
71-1	PSB109	71	lunedì	lunedì	linguistic	none	_	End=263.12	_	_	_	_
72-0	PSB109	72	e	e	linguistic	none	_	Begin=265.66	_	_	_	_
72-1	PSB109	72	il	il	linguistic	none	_	_	_	_	_	_
72-2	PSB109	72	martedì	martedì	linguistic	none	_	End=267.01	_	_	_	_
73-0	PSB109	73	aveva	aveva	linguistic	none	_	Begin=268.72	_	_	_	_
73-1	PSB109	73	chiesto::	chiesto	linguistic	none	_	_	6x2	_	_	_
73-2	PSB109	73	@laura	laura	linguistic	none	_	End=270.48	_	_	_	_
74-0	PSB109	74	per::	per	linguistic	none	_	Begin=271.07	2x2	_	_	_
74-1	PSB109	74	ehm	ehm	linguistic	none	_	End=272.71	_	_	_	_
75-0	PSB109	75	@nomeluogo	nomeluogo	linguistic	none	_	Begin=272.84|End=273.63	_	_	_	_
76-0	PSB109	76	però:	però	linguistic	none	_	Begin=274.21|End=274.82	3x1	_	_	_
77-0	PSB109	77	secondo	secondo	linguistic	none	_	Begin=274.91	_	_	_	_
77-1	PSB109	77	me	me	linguistic	none	_	End=275.76	_	_	_	_
78-0	PSB109	78	non	non	linguistic	none	_	Begin=276.24	_	_	_	_
78-1	PSB109	78	gli	gli	linguistic	none	_	_	_	_	_	_
78-2	PSB109	78	va	va	linguistic	none	_	_	_	_	_	_
78-3	PSB109	78	bene	bene	linguistic	none	_	End=277.32	_	_	_	_
79-0	PSB109	79	perché	perché	linguistic	none	_	Begin=278.91	_	_	_	_
79-1	PSB109	79	c'	c'	linguistic	none	SpaceAfter=No	_	_	_	_	_
79-2	PSB109	79	è	è	linguistic	none	_	_	_	_	_	_
79-3	PSB109	79	solo:	solo	linguistic	none	_	End=280.27	3x1	_	_	_
80-0	PSB109	80	c(io)è	cioè	linguistic	none	_	Begin=280.66	_	_	1-3(0)	_
80-1	PSB109	80	la	la	linguistic	none	_	_	_	_	_	_
80-2	PSB109	80	persona:	persona	linguistic	none	_	End=282.05	6x1	_	_	_
81-0	PSB109	81	la	la	linguistic	none	_	Begin=283.11	_	_	_	_
81-1	PSB109	81	persona	persona	linguistic	none	_	_	_	_	_	_
81-2	PSB109	81	cinese	cinese	linguistic	none	_	_	_	_	_	_
81-3	PSB109	81	è:	è	linguistic	none	_	_	0x1	_	_	_
81-4	PSB109	81	{P}	{P}	shortpause	none	_	_	_	_	_	_
81-5	PSB109	81	una	una	linguistic	none	_	_	_	_	_	_
81-6	PSB109	81	unica	unica	linguistic	none	_	_	_	_	_	_
81-7	PSB109	81	sola	sola	linguistic	none	_	End=285.88	_	_	_	_
82-0	PSB109	82	a	a	linguistic	none	_	Begin=286.09	_	_	_	_
82-1	PSB109	82	parte	parte	linguistic	none	_	_	_	_	_	_
82-2	PSB109	82	che	che	linguistic	none	_	_	_	_	_	_
82-3	PSB109	82	{P}	{P}	shortpause	none	_	_	_	_	_	_
82-4	PSB109	82	per	per	linguistic	none	_	_	_	_	_	_
82-5	PSB109	82	me	me	linguistic	none	_	_	_	_	_	_
82-6	PSB109	82	è	è	linguistic	none	_	_	_	_	_	_
82-7	PSB109	82	pesante	pesante	linguistic	none	_	_	_	_	_	_
82-8	PSB109	82	perché	perché	linguistic	none	_	End=288.51	_	_	_	_
83-0	PSB109	83	è	è	linguistic	none	_	Begin=288.77	_	_	_	_
83-1	PSB109	83	impossibile	impossibile	linguistic	none	_	End=289.84	_	_	_	_
84-0	PSB109	84	che	che	linguistic	none	_	Begin=290.23	_	_	_	_
84-1	PSB109	84	chiamino	chiamino	linguistic	none	_	_	_	_	_	_
84-2	PSB109	84	due	due	linguistic	none	_	_	_	_	_	_
84-3	PSB109	84	interpreti	interpreti	linguistic	none	_	_	_	_	_	_
84-4	PSB109	84	per	per	linguistic	none	_	_	_	_	_	_
84-5	PSB109	84	una	una	linguistic	none	_	_	_	_	_	_
84-6	PSB109	84	persona	persona	linguistic	none	_	_	_	_	_	_
84-7	PSB109	84	e	e	linguistic	none	_	_	_	_	_	_
84-8	PSB109	84	quindi	quindi	linguistic	none	_	_	_	_	_	_
84-9	PSB109	84	{P}	{P}	shortpause	none	_	_	_	_	_	_
84-10	PSB109	84	son	son	linguistic	none	_	_	_	_	_	_
84-11	PSB109	84	da	da	linguistic	none	_	_	_	_	_	_
84-12	PSB109	84	sola	sola	linguistic	none	_	End=294.38	_	_	_	_
85-0	PSB109	85	e::h	eh	linguistic	none	_	Begin=294.74	0x2	_	_	_
85-1	PSB109	85	è	è	linguistic	none	_	_	_	_	_	_
85-2	PSB109	85	pesantissimo	pesantissimo	linguistic	none	_	End=296.5	_	_	_	_
86-0	PSB109	86	poi::	poi	linguistic	none	_	Begin=298.03	2x2	_	_	_
86-1	PSB109	86	credo	credo	linguistic	none	_	_	_	_	_	_
86-2	PSB109	86	che	che	linguistic	none	_	_	_	_	_	_
86-3	PSB109	86	non	non	linguistic	none	_	_	_	_	_	_
86-4	PSB109	86	abbiano::	abbiano	linguistic	none	_	_	6x2	_	_	_
86-5	PSB109	86	u::n	un	linguistic	none	_	_	0x2	_	_	_
86-6	PSB109	86	preventivo::	preventivo	linguistic	none	_	_	9x2	_	_	_
86-7	PSB109	86	{P}	{P}	shortpause	none	_	_	_	_	_	_
86-8	PSB109	86	u::n	un	linguistic	none	_	_	0x2	_	_	_
86-9	PSB109	86	budget	budget	linguistic	none	_	_	_	_	_	_
86-10	PSB109	86	molto	molto	linguistic	none	_	_	_	_	_	_
86-11	PSB109	86	alto	alto	linguistic	none	_	_	_	_	_	_
86-12	PSB109	86	per	per	linguistic	none	_	_	_	_	_	_
86-13	PSB109	86	u:na	una	linguistic	none	_	_	0x1	_	_	_
86-14	PSB109	86	persona	persona	linguistic	none	_	End=304.59	_	_	_	_
87-0	PSB109	87	un	un	linguistic	none	_	Begin=305.71	_	_	_	_
87-1	PSB109	87	conto	conto	linguistic	none	_	_	_	_	_	_
87-2	PSB109	87	è:	è	linguistic	none	_	_	0x1	_	_	_
87-3	PSB109	87	è::	è	linguistic	none	_	_	0x2	_	_	_
87-4	PSB109	87	spalmare	spalmare	linguistic	none	_	_	_	_	_	_
87-5	PSB109	87	la	la	linguistic	none	_	_	_	_	_	_
87-6	PSB109	87	spesa	spesa	linguistic	none	_	_	_	_	_	_
87-7	PSB109	87	su:	su	linguistic	none	_	_	1x1	_	_	_
87-8	PSB109	87	tot	tot	linguistic	none	_	_	_	_	_	_
87-9	PSB109	87	persone	persone	linguistic	none	_	End=309.42	_	_	_	_
88-0	PSB109	88	quindi	quindi	linguistic	none	_	Begin=309.8	_	_	_	_
88-1	PSB109	88	{P}	{P}	shortpause	none	_	_	_	_	_	_
88-2	PSB109	88	poi	poi	linguistic	none	_	_	_	_	_	_
88-3	PSB109	88	x	x	unknown	none	_	_	_	_	_	_
88-4	PSB109	88	solitamente	solitamente	linguistic	none	_	_	_	_	_	_
88-5	PSB109	88	i::	i	linguistic	none	_	_	0x2	_	_	_
88-6	PSB109	88	le	le	linguistic	none	_	_	_	_	_	_
88-7	PSB109	88	tariffe	tariffe	linguistic	none	_	_	_	_	_	_
88-8	PSB109	88	con	con	linguistic	none	_	_	_	_	_	_
88-9	PSB109	88	lei	lei	linguistic	none	_	_	_	_	_	_
88-10	PSB109	88	son	son	linguistic	none	_	_	_	_	_	_
88-11	PSB109	88	basse	basse	linguistic	none	_	_	_	_	_	_
88-12	PSB109	88	e::h	eh	linguistic	none	_	End=316.04	0x2	_	_	_
89-0	PSB109	89	quindi	quindi	linguistic	none	_	Begin=316.97	_	_	_	_
89-1	PSB109	89	no::n	non	linguistic	none	_	End=318.19	1x2	_	_	_
90-0	PSB109	90	non	non	linguistic	none	_	Begin=319.81	_	_	_	_
90-1	PSB109	90	credo	credo	linguistic	none	_	End=320.71	_	_	_	_
91-0	PSB109	91	e::h	eh	linguistic	none	_	Begin=323.79|End=324.68	0x2	_	_	_
92-0	PSB109	92	poi:	poi	linguistic	none	_	Begin=329.36|End=329.95	2x1	_	_	_
93-0	PSB109	93	il	il	linguistic	none	_	Begin=331.04	_	_	_	_
93-1	PSB109	93	trenta	trenta	linguistic	none	_	End=331.92	_	_	_	_
94-0	PSB109	94	e::hm	ehm	linguistic	none	_	Begin=332.3|End=333.18	0x2	_	_	_
95-0	PSB109	95	la	la	linguistic	none	_	Begin=334.67	_	_	_	_
95-1	PSB109	95	mattinata	mattinata	linguistic	none	_	_	_	_	_	_
95-2	PSB109	95	de::l	del	linguistic	none	_	_	1x2	_	_	_
95-3	PSB109	95	del	del	linguistic	none	_	_	_	_	_	_
95-4	PSB109	95	primo	primo	linguistic	none	_	_	_	_	_	_
95-5	PSB109	95	novembre	novembre	linguistic	none	_	End=337.3	_	_	_	_
96-0	PSB109	96	a::	a	linguistic	none	_	Begin=337.84	0x2	_	_	_
96-1	PSB109	96	rimini	rimini	linguistic	none	_	End=338.92	_	_	_	_
97-0	PSB109	97	ma	ma	linguistic	none	_	Begin=339.51	_	_	_	_
97-1	PSB109	97	non	non	linguistic	none	_	_	_	_	_	_
97-2	PSB109	97	è	è	linguistic	none	_	_	_	_	_	_
97-3	PSB109	97	{P}	{P}	shortpause	none	_	_	_	_	_	_
97-4	PSB109	97	c(io)è	cioè	linguistic	none	_	_	_	_	1-3(0)	_
97-5	PSB109	97	non	non	linguistic	none	_	_	_	_	_	_
97-6	PSB109	97	mi	mi	linguistic	none	_	_	_	_	_	_
97-7	PSB109	97	ha	ha	linguistic	none	_	_	_	_	_	_
97-8	PSB109	97	mandato	mandato	linguistic	none	_	_	_	_	_	_
97-9	PSB109	97	la	la	linguistic	none	_	_	_	_	_	_
97-10	PSB109	97	conferma	conferma	linguistic	none	_	_	_	_	_	_
97-11	PSB109	97	definitiva	definitiva	linguistic	none	_	_	_	_	_	_
97-12	PSB109	97	ancora	ancora	linguistic	none	_	End=343.64	_	_	_	_
98-0	PSB109	98	son	son	linguistic	none	_	Begin=345.93	_	_	_	_
98-1	PSB109	98	{P}	{P}	shortpause	none	_	_	_	_	_	_
98-2	PSB109	98	tutti	tutti	linguistic	none	_	_	_	_	_	_
98-3	PSB109	98	preventivi	preventivi	linguistic	none	_	_	_	_	_	_
98-4	PSB109	98	adesso	adesso	linguistic	none	_	End=348.04	_	_	_	_
99-0	PSB109	99	mh	mh	linguistic	none	_	Begin=348.18|End=348.54	_	_	_	_
100-0	PSB110	100	ma	ma	linguistic	none	_	Begin=354.72	_	_	_	_
100-1	PSB110	100	invece	invece	linguistic	none	_	_	_	_	_	_
100-2	PSB110	100	quella	quella	linguistic	none	_	_	_	_	_	_
100-3	PSB110	100	di	di	linguistic	none	_	_	_	_	_	_
100-4	PSB110	100	domani?	domani	linguistic	none	Intonation=rising	End=356.11	_	_	_	_
101-0	PSB109	101	ah	ah	linguistic	none	_	Begin=359.0	_	_	_	_
101-1	PSB109	101	e::h	eh	linguistic	none	_	End=360.32	0x2	_	_	_
102-0	PSB109	102	praticamente	praticamente	linguistic	none	_	Begin=361.07	_	_	_	_
102-1	PSB109	102	ma	ma	linguistic	none	_	_	_	_	_	_
102-2	PSB109	102	perché	perché	linguistic	none	_	_	_	_	_	_
102-3	PSB109	102	{P}	{P}	shortpause	none	_	_	_	_	_	_
102-4	PSB109	102	non	non	linguistic	none	_	_	_	_	_	_
102-5	PSB109	102	non	non	linguistic	none	_	_	_	_	_	_
102-6	PSB109	102	lo	lo	linguistic	none	_	_	_	_	_	_
102-7	PSB109	102	so	so	linguistic	none	_	_	_	_	_	_
102-8	PSB109	102	ancora	ancora	linguistic	none	_	_	_	_	_	_
102-9	PSB109	102	perché	perché	linguistic	none	_	End=364.61	_	_	_	_
103-0	PSB109	103	la	la	linguistic	none	_	Begin=365.01	_	_	_	_
103-1	PSB109	103	mia::	mia	linguistic	none	_	_	2x2	_	_	_
103-2	PSB109	103	collega	collega	linguistic	none	_	End=366.71	_	_	_	_
104-0	PSB109	104	di:	di	linguistic	none	_	Begin=366.91	1x1	_	_	_
104-1	PSB109	104	di	di	linguistic	none	_	_	_	_	_	_
104-2	PSB109	104	roma	roma	linguistic	none	_	_	_	_	_	_
104-3	PSB109	104	adesso	adesso	linguistic	none	_	_	_	_	_	_
104-4	PSB109	104	è	è	linguistic	none	_	_	_	_	_	_
104-5	PSB109	104	in	in	linguistic	none	_	_	_	_	_	_
104-6	PSB109	104	cina	cina	linguistic	none	_	End=368.59	_	_	_	_
105-0	PSB109	105	quindi	quindi	linguistic	none	_	Begin=369.48	_	_	_	_
105-1	PSB109	105	stamattina	stamattina	linguistic	none	_	_	_	_	_	_
105-2	PSB109	105	ci	ci	linguistic	none	_	_	_	_	_	_
105-3	PSB109	105	siamo	siamo	linguistic	none	_	_	_	_	_	_
105-4	PSB109	105	sentite	sentite	linguistic	none	_	_	_	_	_	_
105-5	PSB109	105	un	un	linguistic	none	_	_	_	_	_	_
105-6	PSB109	105	po'	po'	linguistic	none	_	_	_	_	_	_
105-7	PSB109	105	dopo	dopo	linguistic	none	_	_	_	_	_	_
105-8	PSB109	105	lei	lei	linguistic	none	_	_	_	_	_	_
105-9	PSB109	105	ha	ha	linguistic	none	_	_	_	_	_	_
105-10	PSB109	105	iniziato	iniziato	linguistic	none	_	_	_	_	_	_
105-11	PSB109	105	a	a	linguistic	none	_	_	_	_	_	_
105-12	PSB109	105	lavorare	lavorare	linguistic	none	_	_	_	_	_	_
105-13	PSB109	105	{P}	{P}	shortpause	none	_	_	_	_	_	_
105-14	PSB109	105	dopodiché::	dopodiché	linguistic	none	_	_	8x2	_	_	_
105-15	PSB109	105	m:h	mh	linguistic	none	_	End=374.83	0x1	_	_	_
106-0	PSB109	106	non	non	linguistic	none	_	Begin=376.69	_	_	_	_
106-1	PSB109	106	lo	lo	linguistic	none	_	_	_	_	_	_
106-2	PSB109	106	so	so	linguistic	none	_	_	_	_	_	_
106-3	PSB109	106	se:	se	linguistic	none	_	_	1x1	_	_	_
106-4	PSB109	106	il	il	linguistic	none	_	_	_	_	_	_
106-5	PSB109	106	cliente	cliente	linguistic	none	_	_	_	_	_	_
106-6	PSB109	106	non	non	linguistic	none	_	_	_	_	_	_
106-7	PSB109	106	gli	gli	linguistic	none	_	_	_	_	_	_
106-8	PSB109	106	ha	ha	linguistic	none	_	_	_	_	_	_
106-9	PSB109	106	risposto::	risposto	linguistic	none	_	_	7x2	_	_	_
106-10	PSB109	106	oppure	oppure	linguistic	none	_	_	_	_	_	_
106-11	PSB109	106	lei	lei	linguistic	none	_	_	_	_	_	_
106-12	PSB109	106	non	non	linguistic	none	_	_	_	_	_	_
106-13	PSB109	106	ha	ha	linguistic	none	_	_	_	_	_	_
106-14	PSB109	106	avuto	avuto	linguistic	none	_	_	_	_	_	_
106-15	PSB109	106	modo	modo	linguistic	none	_	_	_	_	_	_
106-16	PSB109	106	di	di	linguistic	none	_	_	_	_	_	_
106-17	PSB109	106	guardare	guardare	linguistic	none	_	_	_	_	_	_
106-18	PSB109	106	il	il	linguistic	none	_	_	_	_	_	_
106-19	PSB109	106	cellulare	cellulare	linguistic	none	_	End=382.36	_	_	_	_
107-0	PSB109	107	ma	ma	linguistic	none	_	Begin=396.08	_	_	_	_
107-1	PSB109	107	io	io	linguistic	none	_	_	_	_	_	_
107-2	PSB109	107	penso	penso	linguistic	none	_	_	_	_	_	_
107-3	PSB109	107	m::h	mh	linguistic	none	_	_	0x2	_	_	_
107-4	PSB109	107	che	che	linguistic	none	_	_	_	_	_	_
107-5	PSB109	107	ci	ci	linguistic	none	_	_	_	_	_	_
107-6	PSB109	107	debba	debba	linguistic	none	_	_	_	_	_	_
107-7	PSB109	107	andare	andare	linguistic	none	_	_	_	_	_	_
107-8	PSB109	107	perché	perché	linguistic	none	_	End=399.38	_	_	_	_
108-0	PSB110	108	{si_schiarisce_la_voce}	{si_schiarisce_la_voce}	nonverbalbehavior	none	_	Begin=399.81|End=400.74	_	_	_	_
109-0	PSB109	109	non	non	linguistic	none	_	Begin=400.45	_	_	_	_
109-1	PSB109	109	è	è	linguistic	none	_	_	_	_	_	_
109-2	PSB109	109	che	che	linguistic	none	_	_	_	_	_	_
109-3	PSB109	109	da	da	linguistic	none	_	_	_	_	_	_
109-4	PSB109	109	oggi	oggi	linguistic	none	_	_	_	_	_	_
109-5	PSB109	109	a	a	linguistic	none	_	_	_	_	_	_
109-6	PSB109	109	domani	domani	linguistic	none	_	_	_	_	_	_
109-7	PSB109	109	trovano:	trovano	linguistic	none	_	End=402.58	6x1	_	_	_
110-0	PSB109	110	questi	questi	linguistic	none	_	Begin=402.94	_	_	_	_
110-1	PSB109	110	poi	poi	linguistic	none	_	_	_	_	_	_
110-2	PSB109	110	oltretutto	oltretutto	linguistic	none	_	_	_	_	_	_
110-3	PSB109	110	son	son	linguistic	none	_	_	_	_	_	_
110-4	PSB109	110	dei	dei	linguistic	none	_	_	_	_	_	_
110-5	PSB109	110	privati	privati	linguistic	none	_	End=404.99	_	_	_	_
111-0	PSB110	111	e	e	linguistic	none	_	Begin=410.33	_	_	_	_
111-1	PSB110	111	cosa	cosa	linguistic	none	_	_	_	_	_	_
111-2	PSB110	111	fanno?	fanno	linguistic	none	Intonation=rising	End=411.3	_	_	_	_
112-0	PSB109	112	io	io	linguistic	none	_	Begin=412.87	_	_	_	_
112-1	PSB109	112	da	da	linguistic	none	_	_	_	_	_	_
112-2	PSB109	112	quello	quello	linguistic	none	_	_	_	_	_	_
112-3	PSB109	112	che	che	linguistic	none	_	_	_	_	_	_
112-4	PSB109	112	ho	ho	linguistic	none	_	_	_	_	_	_
112-5	PSB109	112	capito	capito	linguistic	none	_	_	_	_	_	_
112-6	PSB109	112	che	che	linguistic	none	_	_	_	_	_	_
112-7	PSB109	112	{P}	{P}	shortpause	none	_	_	_	_	_	_
112-8	PSB109	112	poi	poi	linguistic	none	_	_	_	_	_	_
112-9	PSB109	112	oltretutto	oltretutto	linguistic	none	_	End=415.58	_	_	_	_
113-0	PSB109	113	tantissimo	tantissimo	linguistic	none	_	Begin=415.8	_	_	_	_
113-1	PSB109	113	tempo	tempo	linguistic	none	_	_	_	_	_	_
113-2	PSB109	113	fa	fa	linguistic	none	_	_	_	_	_	_
113-3	PSB109	113	è	è	linguistic	none	_	_	_	_	_	_
113-4	PSB109	113	un	un	linguistic	none	_	_	_	_	_	_
113-5	PSB109	113	contatto	contatto	linguistic	none	_	_	_	_	_	_
113-6	PSB109	113	che	che	linguistic	none	_	_	_	_	_	_
113-7	PSB109	113	gli	gli	linguistic	none	_	_	_	_	_	_
113-8	PSB109	113	ho	ho	linguistic	none	_	_	_	_	_	_
113-9	PSB109	113	passato	passato	linguistic	none	_	_	_	_	_	_
113-10	PSB109	113	io	io	linguistic	none	_	End=418.84	_	_	_	_
114-0	PSB109	114	che	che	linguistic	none	_	Begin=419.78	_	_	_	_
114-1	PSB109	114	mi	mi	linguistic	none	_	_	_	_	_	_
114-2	PSB109	114	è	è	linguistic	none	_	_	_	_	_	_
114-3	PSB109	114	passato	passato	linguistic	none	_	_	_	_	_	_
114-4	PSB109	114	da	da	linguistic	none	_	_	_	_	_	_
114-5	PSB109	114	@lin	lin	linguistic	none	_	_	_	_	_	_
114-6	PSB109	114	@mi	mi	linguistic	none	_	End=421.42	_	_	_	_
115-0	PSB109	115	perché:	perché	linguistic	none	_	Begin=422.02	5x1	_	_	_
115-1	PSB109	115	{P}	{P}	shortpause	none	_	_	_	_	_	_
115-2	PSB109	115	è	è	linguistic	none	_	_	_	_	_	_
115-3	PSB109	115	un	un	linguistic	none	_	_	_	_	_	_
115-4	PSB109	115	riccone	riccone	linguistic	none	_	_	_	_	_	_
115-5	PSB109	115	credo	credo	linguistic	none	_	_	_	_	_	_
115-6	PSB109	115	di	di	linguistic	none	_	_	_	_	_	_
115-7	PSB109	115	hong	hong	linguistic	none	_	_	_	_	_	_
115-8	PSB109	115	kong	kong	linguistic	none	_	End=425.71	_	_	_	_
116-0	PSB109	116	prende::	prende	linguistic	none	_	Begin=426.86|End=428.31	5x2	_	_	_
117-0	PSB109	117	uno	uno	linguistic	none	_	Begin=428.61	_	_	_	_
117-1	PSB109	117	yacht	yacht	linguistic	none	_	_	_	_	_	_
117-2	PSB109	117	mi	mi	linguistic	none	_	_	_	_	_	_
117-3	PSB109	117	sembra	sembra	linguistic	none	_	_	_	_	_	_
117-4	PSB109	117	una	una	linguistic	none	_	_	_	_	_	_
117-5	PSB109	117	cosa	cosa	linguistic	none	_	_	_	_	_	_
117-6	PSB109	117	di	di	linguistic	none	_	_	_	_	_	_
117-7	PSB109	117	questo	questo	linguistic	none	_	_	_	_	_	_
117-8	PSB109	117	tipo	tipo	linguistic	none	_	_	_	_	_	_
117-9	PSB109	117	e	e	linguistic	none	_	_	_	_	_	_
117-10	PSB109	117	va	va	linguistic	none	_	_	_	_	_	_
117-11	PSB109	117	lì	lì	linguistic	none	_	End=431.81	_	_	_	_
118-0	PSB109	118	a	a	linguistic	none	_	Begin=433.85	_	_	_	_
118-1	PSB109	118	vedere::	vedere	linguistic	none	_	End=435.01	5x2	_	_	_
119-0	PSB109	119	se	se	linguistic	none	_	Begin=436.05	_	_	_	_
119-1	PSB109	119	prende	prende	linguistic	none	_	_	_	_	_	_
119-2	PSB109	119	solo	solo	linguistic	none	_	_	_	_	_	_
119-3	PSB109	119	uno	uno	linguistic	none	_	_	_	_	_	_
119-4	PSB109	119	yacht	yacht	linguistic	none	_	End=437.48	_	_	_	_
120-0	PSB109	120	e:h	eh	linguistic	none	_	Begin=437.68	0x1	_	_	_
120-1	PSB109	120	negli	negli	linguistic	none	_	_	_	_	_	_
120-2	PSB109	120	anni	anni	linguistic	none	_	_	_	_	_	_
120-3	PSB109	120	dovrebbe	dovrebbe	linguistic	none	_	_	_	_	_	_
120-4	PSB109	120	essere	essere	linguistic	none	_	_	_	_	_	_
120-5	PSB109	120	finito	finito	linguistic	none	_	_	_	_	_	_
120-6	PSB109	120	a	a	linguistic	none	_	_	_	_	_	_
120-7	PSB109	120	meno	meno	linguistic	none	_	_	_	_	_	_
120-8	PSB109	120	che	che	linguistic	none	_	_	_	_	_	_
120-9	PSB109	120	non	non	linguistic	none	_	_	_	_	_	_
120-10	PSB109	120	prende	prende	linguistic	none	_	_	_	_	_	_
120-11	PSB109	120	uno	uno	linguistic	none	_	_	_	_	_	_
120-12	PSB109	120	dopo	dopo	linguistic	none	_	_	_	_	_	_
120-13	PSB109	120	l'	l'	linguistic	none	SpaceAfter=No	_	_	_	_	_
120-14	PSB109	120	altro	altro	linguistic	none	_	End=441.89	_	_	_	_
121-0	PSB109	121	non	non	linguistic	none	_	Begin=441.99	_	_	_	_
121-1	PSB109	121	lo	lo	linguistic	none	_	_	_	_	_	_
121-2	PSB109	121	so	so	linguistic	none	_	End=442.44	_	_	_	_
122-0	PSB109	122	ehm::	ehm	linguistic	none	_	Begin=443.48|End=444.31	2x2	_	_	_
123-0	PSB109	123	e::h	eh	linguistic	none	_	Begin=444.56|End=445.49	0x2	_	_	_
124-0	PSB109	124	m::h	mh	linguistic	none	_	Begin=447.07	0x2	_	_	_
124-1	PSB109	124	mi	mi	linguistic	none	_	_	_	_	_	_
124-2	PSB109	124	ha	ha	linguistic	none	_	_	_	_	_	_
124-3	PSB109	124	passato	passato	linguistic	none	_	_	_	_	_	_
124-4	PSB109	124	da	da	linguistic	none	_	_	_	_	_	_
124-5	PSB109	124	@lin	lin	linguistic	none	_	_	_	_	_	_
124-6	PSB109	124	@mi	mi	linguistic	none	_	_	_	_	_	_
124-7	PSB109	124	quando	quando	linguistic	none	_	_	_	_	_	_
124-8	PSB109	124	lei	lei	linguistic	none	_	_	_	_	_	_
124-9	PSB109	124	è	è	linguistic	none	_	_	_	_	_	_
124-10	PSB109	124	andata	andata	linguistic	none	_	_	_	_	_	_
124-11	PSB109	124	via:	via	linguistic	none	_	End=449.82	2x1	_	_	_
125-0	PSB109	125	e::h	eh	linguistic	none	_	Begin=450.39	0x2	_	_	_
125-1	PSB109	125	io	io	linguistic	none	_	_	_	_	_	_
125-2	PSB109	125	non	non	linguistic	none	_	_	_	_	_	_
125-3	PSB109	125	ci	ci	linguistic	none	_	_	_	_	_	_
125-4	PSB109	125	<sono	sono	linguistic	none	_	_	_	Slow=0-4(0)	_	_
125-5	PSB109	125	potuta	potuta	linguistic	none	_	_	_	Slow=0-6(0)	_	_
125-6	PSB109	125	andare	andare	linguistic	none	_	_	_	Slow=0-6(0)	_	_
125-7	PSB109	125	perché:>	perché	linguistic	none	_	End=454.43	5x1	Slow=0-6(0)	_	_
126-0	PSB109	126	era	era	linguistic	none	_	Begin=455.11	_	_	_	_
126-1	PSB109	126	tipo:	tipo	linguistic	none	_	_	3x1	_	_	_
126-2	PSB109	126	il	il	linguistic	none	_	_	_	_	_	_
126-3	PSB109	126	giorno	giorno	linguistic	none	_	_	_	_	_	_
126-4	PSB109	126	prima	prima	linguistic	none	_	_	_	_	_	_
126-5	PSB109	126	che::	che	linguistic	none	_	End=457.86	2x2	_	_	_
127-0	PSB109	127	noi:	noi	linguistic	none	_	Begin=458.37	2x1	_	_	_
127-1	PSB109	127	dovevamo	dovevamo	linguistic	none	_	_	_	_	_	_
127-2	PSB109	127	partire	partire	linguistic	none	_	_	_	_	_	_
127-3	PSB109	127	per	per	linguistic	none	_	_	_	_	_	_
127-4	PSB109	127	isla:nda	islanda	linguistic	none	_	_	3x1	_	_	_
127-5	PSB109	127	cose	cose	linguistic	none	_	_	_	_	_	_
127-6	PSB109	127	di	di	linguistic	none	_	_	_	_	_	_
127-7	PSB109	127	questo	questo	linguistic	none	_	_	_	_	_	_
127-8	PSB109	127	tipo	tipo	linguistic	none	_	End=461.7	_	_	_	_
128-0	PSB109	128	per	per	linguistic	none	_	Begin=462.22	_	_	_	_
128-1	PSB109	128	andare	andare	linguistic	none	_	_	_	_	_	_
128-2	PSB109	128	a	a	linguistic	none	_	_	_	_	_	_
128-3	PSB109	128	pisa	pisa	linguistic	none	_	_	_	_	_	_
128-4	PSB109	128	non	non	linguistic	none	_	_	_	_	_	_
128-5	PSB109	128	avevo	avevo	linguistic	none	_	_	_	_	_	_
128-6	PSB109	128	voglia	voglia	linguistic	none	_	_	_	_	_	_
128-7	PSB109	128	di	di	linguistic	none	_	End=464.1	_	_	_	_
129-0	PSB109	129	(mischiarmi:)	mischiarmi	linguistic	none	_	Begin=465.92|End=467.11	9x1	_	0-10(0)	_
130-0	PSB109	130	m::h	mh	linguistic	none	_	Begin=469.78	0x2	_	_	_
130-1	PSB109	130	nelle	nelle	linguistic	none	_	_	_	_	_	_
130-2	PSB109	130	coincidenze	coincidenze	linguistic	none	_	_	_	_	_	_
130-3	PSB109	130	le	le	linguistic	none	_	_	_	_	_	_
130-4	PSB109	130	cose	cose	linguistic	none	_	_	_	_	_	_
130-5	PSB109	130	allora	allora	linguistic	none	_	_	_	_	_	_
130-6	PSB109	130	ho	ho	linguistic	none	_	_	_	_	_	_
130-7	PSB109	130	detto	detto	linguistic	none	_	_	_	_	_	_
130-8	PSB109	130	non	non	linguistic	none	_	_	_	_	_	_
130-9	PSB109	130	ci	ci	linguistic	none	_	_	_	_	_	_
130-10	PSB109	130	vado	vado	linguistic	none	_	_	_	_	_	_
130-11	PSB109	130	dai	dai	linguistic	none	_	_	_	_	_	_
130-12	PSB109	130	ci	ci	linguistic	none	_	_	_	_	_	_
130-13	PSB109	130	va	va	linguistic	none	_	_	_	_	_	_
130-14	PSB109	130	la	la	linguistic	none	_	_	_	_	_	_
130-15	PSB109	130	mia	mia	linguistic	none	_	_	_	_	_	_
130-16	PSB109	130	amica	amica	linguistic	none	_	_	_	_	_	_
130-17	PSB109	130	lei	lei	linguistic	none	_	_	_	_	_	_
130-18	PSB109	130	oltretutto	oltretutto	linguistic	none	_	End=474.51	_	_	_	_
131-0	PSB109	131	da	da	linguistic	none	_	Begin=475.27	_	_	_	_
131-1	PSB109	131	dove	dove	linguistic	none	_	_	_	_	_	_
131-2	PSB109	131	abita	abita	linguistic	none	_	_	_	_	_	_
131-3	PSB109	131	lei:	lei	linguistic	none	_	_	2x1	_	_	_
131-4	PSB109	131	{P}	{P}	shortpause	none	_	_	_	_	_	_
131-5	PSB109	131	c'	c'	linguistic	none	SpaceAfter=No	_	_	_	_	_
131-6	PSB109	131	è	è	linguistic	none	_	_	_	_	_	_
131-7	PSB109	131	il	il	linguistic	none	_	_	_	_	_	_
131-8	PSB109	131	treno	treno	linguistic	none	_	_	_	_	_	_
131-9	PSB109	131	che	che	linguistic	none	_	_	_	_	_	_
131-10	PSB109	131	ci	ci	linguistic	none	_	_	_	_	_	_
131-11	PSB109	131	va	va	linguistic	none	_	_	_	_	_	_
131-12	PSB109	131	direttamente	direttamente	linguistic	none	_	End=479.11	_	_	_	_
132-0	PSB109	132	c'	c'	linguistic	none	SpaceAfter=No	Begin=485.94	_	_	_	_
132-1	PSB109	132	è	è	linguistic	none	_	_	_	_	_	_
132-2	PSB109	132	il	il	linguistic	none	_	_	_	_	_	_
132-3	PSB109	132	regionale	regionale	linguistic	none	_	_	_	_	_	_
132-4	PSB109	132	che	che	linguistic	none	_	_	_	_	_	_
132-5	PSB109	132	{ride}	{ride}	nonverbalbehavior	none	_	End=487.5	_	_	_	_
133-0	PSB109	133	ci	ci	linguistic	none	_	Begin=487.83	_	_	_	_
133-1	PSB109	133	va	va	linguistic	none	_	End=488.18	_	_	_	_
134-0	PSB110	134	fa	fa	linguistic	none	_	Begin=488.2	_	_	_	_
134-1	PSB110	134	la	la	linguistic	none	_	_	_	_	_	_
134-2	PSB110	134	costa	costa	linguistic	none	_	End=489.0	_	_	_	_
135-0	PSB109	135	eh	eh	linguistic	none	_	Begin=489.033	_	_	_	_
135-1	PSB109	135	{P}	{P}	shortpause	none	_	_	_	_	_	_
135-2	PSB109	135	esatto	esatto	linguistic	none	_	End=490.19	_	_	_	_
136-0	PSB109	136	quindi	quindi	linguistic	none	_	Begin=514.49	_	_	_	_
136-1	PSB109	136	quasi	quasi	linguistic	none	_	_	_	_	_	_
136-2	PSB109	136	quasi	quasi	linguistic	none	_	_	_	_	_	_
136-3	PSB109	136	domani	domani	linguistic	none	_	_	_	_	_	_
136-4	PSB109	136	mattina	mattina	linguistic	none	_	End=516.37	_	_	_	_
137-0	PSB109	137	prima	prima	linguistic	none	_	Begin=516.79	_	_	_	_
137-1	PSB109	137	di	di	linguistic	none	_	_	_	_	_	_
137-2	PSB109	137	andare	andare	linguistic	none	_	_	_	_	_	_
137-3	PSB109	137	via	via	linguistic	none	_	End=518.0	_	_	_	_
138-0	PSB109	138	mi:	mi	linguistic	none	_	Begin=518.82	1x1	_	_	_
138-1	PSB109	138	tiri	tiri	linguistic	none	_	_	_	_	_	_
138-2	PSB109	138	giù	giù	linguistic	none	_	_	_	_	_	_
138-3	PSB109	138	la	la	linguistic	none	_	_	_	_	_	_
138-4	PSB109	138	scala	scala	linguistic	none	_	_	_	_	_	_
138-5	PSB109	138	che:	che	linguistic	none	_	_	2x1	_	_	_
138-6	PSB109	138	vado	vado	linguistic	none	_	_	_	_	_	_
138-7	PSB109	138	su	su	linguistic	none	_	_	_	_	_	_
138-8	PSB109	138	a	a	linguistic	none	_	_	_	_	_	_
138-9	PSB109	138	prendere	prendere	linguistic	none	_	_	_	_	_	_
138-10	PSB109	138	la	la	linguistic	none	_	_	_	_	_	_
138-11	PSB109	138	valigia	valigia	linguistic	none	_	End=522.92	_	_	_	_
139-0	PSB110	139	mh	mh	linguistic	none	_	Begin=522.95|End=523.34	_	_	_	_
140-0	PSB109	140	un	un	linguistic	none	_	Begin=533.17	_	_	_	_
140-1	PSB109	140	po'	po'	linguistic	none	_	_	_	_	_	_
140-2	PSB109	140	d'	d'	linguistic	none	SpaceAfter=No	_	_	_	_	_
140-3	PSB109	140	insipido?	insipido	linguistic	none	Intonation=rising	End=534.19	_	_	_	_
141-0	PSB110	141	no:	no	linguistic	none	_	Begin=534.67	1x1	_	_	_
141-1	PSB110	141	va	va	linguistic	none	_	_	_	_	_	_
141-2	PSB110	141	bene	bene	linguistic	none	_	End=535.5	_	_	_	_
142-0	PSB109	142	m:h	mh	linguistic	none	_	Begin=569.2	0x1	_	_	_
142-1	PSB109	142	tipo	tipo	linguistic	none	_	_	_	_	_	_
142-2	PSB109	142	quel	quel	linguistic	none	_	_	_	_	_	_
142-3	PSB109	142	pi	pi	linguistic	none	_	_	_	_	_	_
142-4	PSB109	142	ci	ci	linguistic	none	_	_	_	_	_	_
142-5	PSB109	142	che	che	linguistic	none	_	_	_	_	_	_
142-6	PSB109	142	mi	mi	linguistic	none	_	_	_	_	_	_
142-7	PSB109	142	hai	hai	linguistic	none	_	_	_	_	_	_
142-8	PSB109	142	fatto	fatto	linguistic	none	_	_	_	_	_	_
142-9	PSB109	142	vedere	vedere	linguistic	none	_	_	_	_	_	_
142-10	PSB109	142	no	no	linguistic	none	_	_	_	_	_	_
142-11	PSB109	142	oggi	oggi	linguistic	none	_	_	_	_	_	_
142-12	PSB109	142	se	se	linguistic	none	_	_	_	_	_	_
142-13	PSB109	142	andassimo:	andassimo	linguistic	none	_	_	8x1	_	_	_
142-14	PSB109	142	{P}	{P}	shortpause	none	_	_	_	_	_	_
142-15	PSB109	142	da::	da	linguistic	none	_	End=573.68	1x2	_	_	_
143-0	PSB109	143	comet	comet	linguistic	none	_	Begin=574.98	_	_	_	_
143-1	PSB109	143	o	o	linguistic	none	_	_	_	_	_	_
143-2	PSB109	143	che	che	linguistic	none	_	_	_	_	_	_
143-3	PSB109	143	cosa	cosa	linguistic	none	_	_	_	_	_	_
143-4	PSB109	143	no::n?	non	linguistic	none	Intonation=rising	End=576.69	1x2	_	_	_
144-0	PSB109	144	perché	perché	linguistic	none	_	Begin=577.53	_	_	_	_
144-1	PSB109	144	bisogna	bisogna	linguistic	none	_	_	_	_	_	_
144-2	PSB109	144	{P}	{P}	shortpause	none	_	_	_	_	_	_
144-3	PSB109	144	prendere	prendere	linguistic	none	_	_	_	_	_	_
144-4	PSB109	144	su	su	linguistic	none	_	_	_	_	_	_
144-5	PSB109	144	amazon	amazon	linguistic	none	_	End=580.08	_	_	_	_
145-0	PSB110	145	perché	perché	linguistic	none	_	Begin=580.31	_	_	_	_
145-1	PSB110	145	amazon	amazon	linguistic	none	_	_	_	_	_	_
145-2	PSB110	145	x	x	unknown	none	_	_	_	_	_	_
145-3	PSB110	145	x	x	unknown	none	_	_	_	_	_	_
145-4	PSB110	145	xx	x	unknown	none	_	End=582.0	_	_	_	_
146-0	PSB109	146	ah	ah	linguistic	none	_	Begin=582.9|End=583.33	_	_	_	_
147-0	PSB109	147	quindi	quindi	linguistic	none	_	Begin=584.6	_	_	_	_
147-1	PSB109	147	alla	alla	linguistic	none	_	_	_	_	_	_
147-2	PSB109	147	fine	fine	linguistic	none	_	_	_	_	_	_
147-3	PSB109	147	ti	ti	linguistic	none	_	_	_	_	_	_
147-4	PSB109	147	dice	dice	linguistic	none	_	_	_	_	_	_
147-5	PSB109	147	devi	devi	linguistic	none	_	_	_	_	_	_
147-6	PSB109	147	ordinare	ordinare	linguistic	none	_	_	_	_	_	_
147-7	PSB109	147	online	online	linguistic	none	_	_	_	_	_	_
147-8	PSB109	147	{P}	{P}	shortpause	none	_	_	_	_	_	_
147-9	PSB109	147	dal	dal	linguistic	none	_	_	_	_	_	_
147-10	PSB109	147	loro	loro	linguistic	none	_	_	_	_	_	_
147-11	PSB109	147	sito	sito	linguistic	none	_	_	_	_	_	_
147-12	PSB109	147	lo	lo	linguistic	none	_	_	_	_	_	_
147-13	PSB109	147	stesso	stesso	linguistic	none	_	End=588.175	_	_	_	_
148-0	PSB110	148	(ma)	ma	linguistic	none	_	Begin=588.175	_	_	0-2(0)	_
148-1	PSB110	148	vabbè	vabbè	linguistic	none	_	_	_	_	_	_
148-2	PSB110	148	alla	alla	linguistic	none	_	_	_	_	_	_
148-3	PSB110	148	comet	comet	linguistic	none	_	_	_	_	_	_
148-4	PSB110	148	ci	ci	linguistic	none	_	_	_	_	_	_
148-5	PSB110	148	puoi	puoi	linguistic	none	_	_	_	_	_	_
148-6	PSB110	148	andare	andare	linguistic	none	_	End=589.93	_	_	_	_
149-0	PSB110	149	però	però	linguistic	none	_	Begin=599.94	_	_	_	_
149-1	PSB110	149	secondo	secondo	linguistic	none	_	_	_	_	_	_
149-2	PSB110	149	me	me	linguistic	none	_	_	_	_	_	_
149-3	PSB110	149	non	non	linguistic	none	_	_	_	_	_	_
149-4	PSB110	149	hanno	hanno	linguistic	none	_	_	_	_	_	_
149-5	PSB110	149	un	un	linguistic	none	_	_	_	_	_	_
149-6	PSB110	149	tubo	tubo	linguistic	none	_	End=601.4	_	_	_	_
150-0	PSB109	150	mh	mh	linguistic	none	_	Begin=603.25|End=603.67	_	_	_	_
151-0	PSB110	151	mh[m:h]	mhmh	linguistic	none	_	Begin=614.05|End=614.72	2x1	_	_	2-4(2)
152-0	PSB109	152	quindi	quindi	linguistic	none	_	Begin=614.26	_	_	_	_
152-1	PSB109	152	ti]	ti	linguistic	none	_	_	_	_	_	_
152-2	PSB109	152	fidi	fidi	linguistic	none	_	_	_	_	_	_
152-3	PSB109	152	di	di	linguistic	none	_	_	_	_	_	_
152-4	PSB109	152	prendere	prendere	linguistic	none	_	_	_	_	_	_
152-5	PSB109	152	su	su	linguistic	none	_	_	_	_	_	_
152-6	PSB109	152	amazon?	amazon	linguistic	none	Intonation=rising	End=616.41	_	_	_	_
153-0	PSB110	153	c'	c'	linguistic	none	SpaceAfter=No	Begin=617.1	_	_	_	_
153-1	PSB110	153	è	è	linguistic	none	_	_	_	_	_	_
153-2	PSB110	153	anche	anche	linguistic	none	_	_	_	_	_	_
153-3	PSB110	153	la	la	linguistic	none	_	_	_	_	_	_
153-4	PSB110	153	garanzia	garanzia	linguistic	none	_	_	_	_	_	_
153-5	PSB110	153	di	di	linguistic	none	_	_	_	_	_	_
153-6	PSB110	153	tre	tre	linguistic	none	_	_	_	_	_	_
153-7	PSB110	153	anni	anni	linguistic	none	_	End=618.5	_	_	_	_
154-0	PSB109	154	mh	mh	linguistic	none	_	Begin=620.21|End=620.6	_	_	_	_
155-0	PSB109	155	xx	x	unknown	none	_	Begin=638.56|End=639.02	_	_	_	_
156-0	PSB109	156	se	se	linguistic	none	_	Begin=640.98	_	_	_	_
156-1	PSB109	156	vuoi	vuoi	linguistic	none	_	_	_	_	_	_
156-2	PSB109	156	prendi:	prendi	linguistic	none	_	_	5x1	_	_	_
156-3	PSB109	156	{P}	{P}	shortpause	none	_	_	_	_	_	_
156-4	PSB109	156	finisci	finisci	linguistic	none	_	_	_	_	_	_
156-5	PSB109	156	pure	pure	linguistic	none	_	_	_	_	_	_
156-6	PSB109	156	la	la	linguistic	none	_	_	_	_	_	_
156-7	PSB109	156	fe[ta]	feta	linguistic	none	_	End=643.68	_	_	_	2-4(3)
157-0	PSB110	157	[no]:	no	linguistic	none	_	Begin=643.55	1x1	_	_	0-2(3)
157-1	PSB110	157	eh	eh	linguistic	none	_	_	_	_	_	_
157-2	PSB110	157	(basta)	basta	linguistic	none	_	End=644.67	_	_	0-5(0)	_
158-0	PSB110	158	mi	mi	linguistic	none	_	Begin=650.08	_	_	_	_
158-1	PSB110	158	dai	dai	linguistic	none	_	_	_	_	_	_
158-2	PSB110	158	un	un	linguistic	none	_	_	_	_	_	_
158-3	PSB110	158	po'	po'	linguistic	none	_	_	_	_	_	_
158-4	PSB110	158	di	di	linguistic	none	_	_	_	_	_	_
158-5	PSB110	158	acqua?	acqua	linguistic	none	Intonation=rising	End=651.17	_	_	_	_
159-0	PSB110	159	a::h	ah	linguistic	none	_	Begin=669.67|End=670.41	0x2	_	_	_
160-0	PSB109	160	mh	mh	linguistic	none	_	Begin=677.47	_	_	_	_
160-1	PSB109	160	m:h	mh	linguistic	none	_	_	0x1	_	_	_
160-2	PSB109	160	adesso	adesso	linguistic	none	_	_	_	_	_	_
160-3	PSB109	160	magari	magari	linguistic	none	_	_	_	_	_	_
160-4	PSB109	160	non	non	linguistic	none	_	_	_	_	_	_
160-5	PSB109	160	ti	ti	linguistic	none	_	_	_	_	_	_
160-6	PSB109	160	ricordi	ricordi	linguistic	none	_	_	_	_	_	_
160-7	PSB109	160	la	la	linguistic	none	_	_	_	_	_	_
160-8	PSB109	160	la	la	linguistic	none	_	_	_	_	_	_
160-9	PSB109	160	ma	ma	linguistic	none	_	_	_	_	_	_
160-10	PSB109	160	la	la	linguistic	none	_	_	_	_	_	_
160-11	PSB109	160	principale	principale	linguistic	none	_	_	_	_	_	_
160-12	PSB109	160	differenza	differenza	linguistic	none	_	_	_	_	_	_
160-13	PSB109	160	tra	tra	linguistic	none	_	_	_	_	_	_
160-14	PSB109	160	{P}	{P}	shortpause	none	_	_	_	_	_	_
160-15	PSB109	160	quello	quello	linguistic	none	_	_	_	_	_	_
160-16	PSB109	160	che	che	linguistic	none	_	_	_	_	_	_
160-17	PSB109	160	costa	costa	linguistic	none	_	_	_	_	_	_
160-18	PSB109	160	di	di	linguistic	none	_	_	_	_	_	_
160-19	PSB109	160	più	più	linguistic	none	_	_	_	_	_	_
160-20	PSB109	160	e	e	linguistic	none	_	_	_	_	_	_
160-21	PSB109	160	quello	quello	linguistic	none	_	_	_	_	_	_
160-22	PSB109	160	che	che	linguistic	none	_	_	_	_	_	_
160-23	PSB109	160	costa	costa	linguistic	none	_	_	_	_	_	_
160-24	PSB109	160	meno	meno	linguistic	none	_	_	_	_	_	_
160-25	PSB109	160	qual	qual	linguistic	none	_	_	_	_	_	_
160-26	PSB109	160	è?	è	linguistic	none	Intonation=rising	End=684.72	_	_	_	_
161-0	PSB110	161	dove?	dove	linguistic	none	Intonation=rising	Begin=688.58|End=689.19	_	_	_	_
162-0	PSB110	162	di	di	linguistic	none	_	Begin=690.38	_	_	_	_
162-1	PSB110	162	quei	quei	linguistic	none	_	_	_	_	_	_
162-2	PSB110	162	pi	pi	linguistic	none	_	_	_	_	_	_
162-3	PSB110	162	ci?	ci	linguistic	none	Intonation=rising	End=691.24	_	_	_	_
163-0	PSB109	163	m:h	mh	linguistic	none	_	Begin=691.24|End=691.83	0x1	_	_	_
164-0	PSB110	164	beh	beh	linguistic	none	_	Begin=694.19	_	_	_	_
164-1	PSB110	164	uno	uno	linguistic	none	_	End=695.11	_	_	_	_
165-0	PSB110	165	più	più	linguistic	none	_	Begin=697.34	_	_	_	_
165-1	PSB110	165	o	o	linguistic	none	_	_	_	_	_	_
165-2	PSB110	165	meno	meno	linguistic	none	_	_	_	_	_	_
165-3	PSB110	165	in	in	linguistic	none	_	_	_	_	_	_
165-4	PSB110	165	termini	termini	linguistic	none	_	_	_	_	_	_
165-5	PSB110	165	di	di	linguistic	none	_	_	_	_	_	_
165-6	PSB110	165	prestazioni	prestazioni	linguistic	none	_	_	_	_	_	_
165-7	PSB110	165	sono:	sono	linguistic	none	_	_	3x1	_	_	_
165-8	PSB110	165	dovrebbero	dovrebbero	linguistic	none	_	_	_	_	_	_
165-9	PSB110	165	essere	essere	linguistic	none	_	_	_	_	_	_
165-10	PSB110	165	più	più	linguistic	none	_	_	_	_	_	_
165-11	PSB110	165	o	o	linguistic	none	_	_	_	_	_	_
165-12	PSB110	165	meno	meno	linguistic	none	_	_	_	_	_	_
165-13	PSB110	165	lo	lo	linguistic	none	_	_	_	_	_	_
165-14	PSB110	165	stesso	stesso	linguistic	none	_	End=701.0	_	_	_	_
166-0	PSB110	166	uno	uno	linguistic	none	_	Begin=701.86	_	_	_	_
166-1	PSB110	166	è	è	linguistic	none	_	_	_	_	_	_
166-2	PSB110	166	più	più	linguistic	none	_	_	_	_	_	_
166-3	PSB110	166	piccolo	piccolo	linguistic	none	_	_	_	_	_	_
166-4	PSB110	166	più	più	linguistic	none	_	_	_	_	_	_
166-5	PSB110	166	compatto	compatto	linguistic	none	_	End=703.51	_	_	_	_
167-0	PSB109	167	quello	quello	linguistic	none	_	Begin=704.01	_	_	_	_
167-1	PSB109	167	che	che	linguistic	none	_	_	_	_	_	_
167-2	PSB109	167	costa	costa	linguistic	none	_	_	_	_	_	_
167-3	PSB109	167	di	di	linguistic	none	_	_	_	_	_	_
167-4	PSB109	167	più?	più	linguistic	none	Intonation=rising	End=705.24	_	_	_	_
168-0	PSB110	168	mh	mh	linguistic	none	_	Begin=705.32|End=705.82	_	_	_	_
169-0	PSB109	169	ed	ed	linguistic	none	_	Begin=707.5	_	_	_	_
169-1	PSB109	169	ades~	ades~	linguistic	none	Interrupted=Yes	_	_	_	_	_
169-2	PSB109	169	a	a	linguistic	none	_	_	_	_	_	_
169-3	PSB109	169	dire	dire	linguistic	none	_	_	_	_	_	_
169-4	PSB109	169	la	la	linguistic	none	_	_	_	_	_	_
169-5	PSB109	169	verità:	verità	linguistic	none	_	End=709.52	5x1	_	_	_
170-0	PSB109	170	non	non	linguistic	none	_	Begin=710.65	_	_	_	_
170-1	PSB109	170	so	so	linguistic	none	_	_	_	_	_	_
170-2	PSB109	170	se::	se	linguistic	none	_	_	1x2	_	_	_
170-3	PSB109	170	{P}	{P}	shortpause	none	_	_	_	_	_	_
170-4	PSB109	170	voglia	voglia	linguistic	none	_	_	_	_	_	_
170-5	PSB109	170	anche	anche	linguistic	none	_	_	_	_	_	_
170-6	PSB109	170	troppo	troppo	linguistic	none	_	_	_	_	_	_
170-7	PSB109	170	piccol(o)	piccolo	linguistic	none	_	End=713.69	_	_	6-7(0)	_
171-0	PSB109	171	il	il	linguistic	none	_	Begin=716.08	_	_	_	_
171-1	PSB109	171	tuo	tuo	linguistic	none	_	_	_	_	_	_
171-2	PSB109	171	quant'	quant'	linguistic	none	SpaceAfter=No	_	_	_	_	_
171-3	PSB109	171	è	è	linguistic	none	_	_	_	_	_	_
171-4	PSB109	171	lo	lo	linguistic	none	_	_	_	_	_	_
171-5	PSB109	171	sai	sai	linguistic	none	_	_	_	_	_	_
171-6	PSB109	171	undi[ci?	undici	linguistic	none	Intonation=rising	End=717.96	_	_	_	_
172-0	PSB110	172	[tr]edici	tredici	linguistic	none	_	Begin=717.86|End=718.42	_	_	_	0-2(4)
173-0	PSB109	173	tredici?	tredici	linguistic	none	Intonation=rising	Begin=718.42|End=719.14	_	_	_	_
174-0	PSB109	174	ma	ma	linguistic	none	_	Begin=720.79	_	_	_	_
174-1	PSB109	174	secondo	secondo	linguistic	none	_	_	_	_	_	_
174-2	PSB109	174	me	me	linguistic	none	_	_	_	_	_	_
174-3	PSB109	174	anche	anche	linguistic	none	_	_	_	_	_	_
174-4	PSB109	174	il	il	linguistic	none	_	_	_	_	_	_
174-5	PSB109	174	mio	mio	linguistic	none	_	_	_	_	_	_
174-6	PSB109	174	mac	mac	linguistic	none	_	_	_	_	_	_
174-7	PSB109	174	è	è	linguistic	none	_	_	_	_	_	_
174-8	PSB109	174	tredici	tredici	linguistic	none	_	End=723.14	_	_	_	_
175-0	PSB109	175	però	però	linguistic	none	_	Begin=723.2	_	_	_	_
175-1	PSB109	175	sembra	sembra	linguistic	none	_	_	_	_	_	_
175-2	PSB109	175	più	più	linguistic	none	_	_	_	_	_	_
175-3	PSB109	175	grande	grande	linguistic	none	_	End=724.46	_	_	_	_
176-0	PSB109	176	eh	eh	linguistic	none	_	Begin=726.87	_	_	_	_
176-1	PSB109	176	che	che	linguistic	none	_	_	_	_	_	_
176-2	PSB109	176	mac	mac	linguistic	none	_	_	_	_	_	_
176-3	PSB109	176	dovrebbe	dovrebbe	linguistic	none	_	_	_	_	_	_
176-4	PSB109	176	avere	avere	linguistic	none	_	End=728.57	_	_	_	_
177-0	PSB110	177	secondo	secondo	linguistic	none	_	Begin=729.67	_	_	_	_
177-1	PSB110	177	me	me	linguistic	none	_	_	_	_	_	_
177-2	PSB110	177	è	è	linguistic	none	_	_	_	_	_	_
177-3	PSB110	177	quattordici	quattordici	linguistic	none	_	End=730.78	_	_	_	_
178-0	PSB109	178	quattordici?	quattordici	linguistic	none	Intonation=rising	Begin=730.78|End=731.61	_	_	_	_
179-0	PSB109	179	vabbè	vabbè	linguistic	none	_	Begin=734.98	_	_	_	_
179-1	PSB109	179	comunque	comunque	linguistic	none	_	_	_	_	_	_
179-2	PSB109	179	troppo	troppo	linguistic	none	_	_	_	_	_	_
179-3	PSB109	179	piccolo	piccolo	linguistic	none	_	_	_	_	_	_
179-4	PSB109	179	m:::h	mh	linguistic	none	_	End=737.52	0x3	_	_	_
180-0	PSB109	180	boh	boh	linguistic	none	_	Begin=738.02|End=738.43	_	_	_	_
181-0	PSB110	181	adesso	adesso	linguistic	none	_	Begin=739.88	_	_	_	_
181-1	PSB110	181	l'	l'	linguistic	none	SpaceAfter=No	_	_	_	_	_
181-2	PSB110	181	altro	altro	linguistic	none	_	_	_	_	_	_
181-3	PSB110	181	{P}	{P}	shortpause	none	_	_	_	_	_	_
181-4	PSB110	181	m::h	mh	linguistic	none	_	End=741.42	0x2	_	_	_
182-0	PSB110	182	è	è	linguistic	none	_	Begin=752.91	_	_	_	_
182-1	PSB110	182	un	un	linguistic	none	_	_	_	_	_	_
182-2	PSB110	182	po'	po'	linguistic	none	_	_	_	_	_	_
182-3	PSB110	182	troppo	troppo	linguistic	none	_	_	_	_	_	_
182-4	PSB110	182	costoso	costoso	linguistic	none	_	End=754.39	_	_	_	_
183-0	PSB109	183	eh	eh	linguistic	none	_	Begin=756.15	_	_	_	_
183-1	PSB109	183	e::h	eh	linguistic	none	_	End=757.36	0x2	_	_	_
184-0	PSB109	184	adesso	adesso	linguistic	none	_	Begin=758.37	_	_	_	_
184-1	PSB109	184	con	con	linguistic	none	_	_	_	_	_	_
184-2	PSB109	184	quello	quello	linguistic	none	_	_	_	_	_	_
184-3	PSB109	184	che	che	linguistic	none	_	_	_	_	_	_
184-4	PSB109	184	devo	devo	linguistic	none	_	_	_	_	_	_
184-5	PSB109	184	fare	fare	linguistic	none	_	_	_	_	_	_
184-6	PSB109	184	vabbè	vabbè	linguistic	none	_	End=760.3	_	_	_	_
185-0	PSB109	185	veloce::	veloce	linguistic	none	_	Begin=761.56	5x2	_	_	_
185-1	PSB109	185	stabile	stabile	linguistic	none	_	_	_	_	_	_
185-2	PSB109	185	sì	sì	linguistic	none	_	End=763.88	_	_	_	_
186-0	PSB109	186	m::h	mh	linguistic	none	_	Begin=765.33|End=765.96	0x2	_	_	_
187-0	PSB109	187	però	però	linguistic	none	_	Begin=766.45	_	_	_	_
187-1	PSB109	187	spendere	spendere	linguistic	none	_	_	_	_	_	_
187-2	PSB109	187	duemila	duemila	linguistic	none	_	_	_	_	_	_
187-3	PSB109	187	euro:	euro	linguistic	none	_	End=768.1	3x1	_	_	_
188-0	PSB109	188	mi	mi	linguistic	none	_	Begin=768.49	_	_	_	_
188-1	PSB109	188	sembra	sembra	linguistic	none	_	_	_	_	_	_
188-2	PSB109	188	un	un	linguistic	none	_	_	_	_	_	_
188-3	PSB109	188	po'	po'	linguistic	none	_	_	_	_	_	_
188-4	PSB109	188	esagerato	esagerato	linguistic	none	_	End=770.09	_	_	_	_
189-0	PSB110	189	mh	mh	linguistic	none	_	Begin=773.27	_	_	_	_
189-1	PSB110	189	ah	ah	linguistic	none	_	_	_	_	_	_
189-2	PSB110	189	beh	beh	linguistic	none	_	_	_	_	_	_
189-3	PSB110	189	m::h	mh	linguistic	none	_	_	0x2	_	_	_
189-4	PSB110	189	non	non	linguistic	none	_	_	_	_	_	_
189-5	PSB110	189	che	che	linguistic	none	_	_	_	_	_	_
189-6	PSB110	189	quell'	quell'	linguistic	none	SpaceAfter=No	_	_	_	_	_
189-7	PSB110	189	altro	altro	linguistic	none	_	_	_	_	_	_
189-8	PSB110	189	{P}	{P}	shortpause	none	_	_	_	_	_	_
189-9	PSB110	189	l'	l'	linguistic	none	SpaceAfter=No	_	_	_	_	_
189-10	PSB110	189	altro	altro	linguistic	none	_	_	_	_	_	_
189-11	PSB110	189	verrà	verrà	linguistic	none	_	_	_	_	_	_
189-12	PSB110	189	mille	mille	linguistic	none	_	_	_	_	_	_
189-13	PSB110	189	e	e	linguistic	none	_	_	_	_	_	_
189-14	PSB110	189	cinque	cinque	linguistic	none	_	End=777.14	_	_	_	_
190-0	PSB109	190	beh	beh	linguistic	none	_	Begin=780.1	_	_	_	_
190-1	PSB109	190	cinquecento	cinquecento	linguistic	none	_	_	_	_	_	_
190-2	PSB109	190	euro	euro	linguistic	none	_	_	_	_	_	_
190-3	PSB109	190	di	di	linguistic	none	_	_	_	_	_	_
190-4	PSB109	190	differenza	differenza	linguistic	none	_	_	_	_	_	_
190-5	PSB109	190	non	non	linguistic	none	_	_	_	_	_	_
190-6	PSB109	190	son	son	linguistic	none	_	_	_	_	_	_
190-7	PSB109	190	pochi?	pochi	linguistic	none	Intonation=rising	End=782.72	_	_	_	_
191-0	PSB109	191	poi	poi	linguistic	none	_	Begin=789.42	_	_	_	_
191-1	PSB109	191	secondo	secondo	linguistic	none	_	_	_	_	_	_
191-2	PSB109	191	me	me	linguistic	none	_	End=790.51	_	_	_	_
192-0	PSB109	192	la:	la	linguistic	none	_	Begin=791.48	1x1	_	_	_
192-1	PSB109	192	almeno	almeno	linguistic	none	_	End=792.46	_	_	_	_
193-0	PSB109	193	mi	mi	linguistic	none	_	Begin=792.78	_	_	_	_
193-1	PSB109	193	sembra	sembra	linguistic	none	_	_	_	_	_	_
193-2	PSB109	193	la	la	linguistic	none	_	_	_	_	_	_
193-3	PSB109	193	mia	mia	linguistic	none	_	_	_	_	_	_
193-4	PSB109	193	impressione	impressione	linguistic	none	_	End=794.48	_	_	_	_
194-0	PSB109	194	che	che	linguistic	none	_	Begin=795.19|End=795.72	_	_	_	_
195-0	PSB109	195	anche	anche	linguistic	none	_	Begin=796.39	_	_	_	_
195-1	PSB109	195	i	i	linguistic	none	_	_	_	_	_	_
195-2	PSB109	195	computer	computer	linguistic	none	_	_	_	_	_	_
195-3	PSB109	195	adesso	adesso	linguistic	none	_	_	_	_	_	_
195-4	PSB109	195	costano:::	costano	linguistic	none	_	_	6x3	_	_	_
195-5	PSB109	195	tanto	tanto	linguistic	none	_	_	_	_	_	_
195-6	PSB109	195	{P}	{P}	shortpause	none	_	_	_	_	_	_
195-7	PSB109	195	anni	anni	linguistic	none	_	_	_	_	_	_
195-8	PSB109	195	fa	fa	linguistic	none	_	_	_	_	_	_
195-9	PSB109	195	già	già	linguistic	none	_	_	_	_	_	_
195-10	PSB109	195	quando	quando	linguistic	none	_	_	_	_	_	_
195-11	PSB109	195	ci	ci	linguistic	none	_	_	_	_	_	_
195-12	PSB109	195	guardavamo	guardavamo	linguistic	none	_	End=801.47	_	_	_	_
196-0	PSB109	196	con	con	linguistic	none	_	Begin=801.86	_	_	_	_
196-1	PSB109	196	mille	mille	linguistic	none	_	_	_	_	_	_
196-2	PSB109	196	euro	euro	linguistic	none	_	_	_	_	_	_
196-3	PSB109	196	no::n	non	linguistic	none	_	End=803.63	1x2	_	_	_
197-0	PSB109	197	c(io)è	cioè	linguistic	none	_	Begin=803.87	_	_	1-3(0)	_
197-1	PSB109	197	prendi:	prendi	linguistic	none	_	_	5x1	_	_	_
197-2	PSB109	197	rischi	rischi	linguistic	none	_	_	_	_	_	_
197-3	PSB109	197	di	di	linguistic	none	_	_	_	_	_	_
197-4	PSB109	197	prendere	prendere	linguistic	none	_	_	_	_	_	_
197-5	PSB109	197	una:	una	linguistic	none	_	End=806.23	2x1	_	_	_
198-0	PSB109	198	una	una	linguistic	none	_	Begin=806.96	_	_	_	_
198-1	PSB109	198	cosa	cosa	linguistic	none	_	_	_	_	_	_
198-2	PSB109	198	che::	che	linguistic	none	_	End=808.79	2x2	_	_	_
199-0	PSB109	199	dopo	dopo	linguistic	none	_	Begin=809.59	_	_	_	_
199-1	PSB109	199	due	due	linguistic	none	_	_	_	_	_	_
199-2	PSB109	199	tre	tre	linguistic	none	_	_	_	_	_	_
199-3	PSB109	199	anni	anni	linguistic	none	_	_	_	_	_	_
199-4	PSB109	199	già:	già	linguistic	none	_	End=811.27	2x1	_	_	_
200-0	PSB109	200	eh	eh	linguistic	none	_	Begin=811.59|End=812.1	_	_	_	_
201-0	PSB109	201	qui[ndi]	quindi	linguistic	none	_	Begin=812.98|End=813.62	_	_	_	3-6(5)
202-0	PSB110	202	[no]	no	linguistic	none	_	Begin=813.16	_	_	_	0-2(5)
202-1	PSB110	202	{P}	{P}	shortpause	none	_	_	_	_	_	_
202-2	PSB110	202	m::h	mh	linguistic	none	_	End=814.07	0x2	_	_	_
203-0	PSB110	203	(col~)	col~	linguistic	none	Interrupted=Yes	Begin=814.48	_	_	0-4(0)	_
203-1	PSB110	203	dipende	dipende	linguistic	none	_	_	_	_	_	_
203-2	PSB110	203	quello	quello	linguistic	none	_	_	_	_	_	_
203-3	PSB110	203	che::	che	linguistic	none	_	End=816.32	2x2	_	_	_
204-0	PSB110	204	vuoi	vuoi	linguistic	none	_	Begin=816.4	_	_	_	_
204-1	PSB110	204	cioè	cioè	linguistic	none	_	_	_	_	_	_
204-2	PSB110	204	se	se	linguistic	none	_	_	_	_	_	_
204-3	PSB110	204	chiaro	chiaro	linguistic	none	_	_	_	_	_	_
204-4	PSB110	204	che	che	linguistic	none	_	_	_	_	_	_
204-5	PSB110	204	se	se	linguistic	none	_	_	_	_	_	_
204-6	PSB110	204	vuoi	vuoi	linguistic	none	_	_	_	_	_	_
204-7	PSB110	204	quello	quello	linguistic	none	_	End=818.2	_	_	_	_
205-0	PSB110	205	bellino	bellino	linguistic	none	_	Begin=819.07	_	_	_	_
205-1	PSB110	205	non	non	linguistic	none	_	_	_	_	_	_
205-2	PSB110	205	il	il	linguistic	none	_	_	_	_	_	_
205-3	PSB110	205	plasticone:	plasticone	linguistic	none	_	End=821.05	9x1	_	_	_
206-0	PSB110	206	costa	costa	linguistic	none	_	Begin=821.8	_	_	_	_
206-1	PSB110	206	di	di	linguistic	none	_	_	_	_	_	_
206-2	PSB110	206	più	più	linguistic	none	_	End=822.71	_	_	_	_
207-0	PSB109	207	no	no	linguistic	none	_	Begin=824.37	_	_	_	_
207-1	PSB109	207	vabbè	vabbè	linguistic	none	_	_	_	_	_	_
207-2	PSB109	207	adesso::	adesso	linguistic	none	_	_	5x2	_	_	_
207-3	PSB109	207	a	a	linguistic	none	_	_	_	_	_	_
207-4	PSB109	207	livello	livello	linguistic	none	_	_	_	_	_	_
207-5	PSB109	207	estetico:	estetico	linguistic	none	_	_	7x1	_	_	_
207-6	PSB109	207	{P}	{P}	shortpause	none	_	_	_	_	_	_
207-7	PSB109	207	a	a	linguistic	none	_	_	_	_	_	_
207-8	PSB109	207	livello	livello	linguistic	none	_	_	_	_	_	_
207-9	PSB109	207	estetico:	estetico	linguistic	none	_	_	7x1	_	_	_
207-10	PSB109	207	[no:n]	non	linguistic	none	_	End=829.25	1x1	_	_	0-3(6)
208-0	PSB110	208	[eh]	eh	linguistic	none	_	Begin=829.02	_	_	_	0-2(6)
208-1	PSB110	208	perché	perché	linguistic	none	_	_	_	_	_	_
208-2	PSB110	208	se	se	linguistic	none	_	_	_	_	_	_
208-3	PSB110	208	vuoi	vuoi	linguistic	none	_	_	_	_	_	_
208-4	PSB110	208	il	il	linguistic	none	_	_	_	_	_	_
208-5	PSB110	208	plasticone	plasticone	linguistic	none	_	_	_	_	_	_
208-6	PSB110	208	m::h	mh	linguistic	none	_	End=831.09	0x2	_	_	_
209-0	PSB110	209	xx	x	unknown	none	_	Begin=831.45|End=831.82	_	_	_	_
210-0	PSB110	210	tipo	tipo	linguistic	none	_	Begin=832.0	_	_	_	_
210-1	PSB110	210	quello	quello	linguistic	none	_	_	_	_	_	_
210-2	PSB110	210	che	che	linguistic	none	_	_	_	_	_	_
210-3	PSB110	210	[hai:	hai	linguistic	none	_	_	2x1	_	_	0-3(7)
210-4	PSB110	210	già]	già	linguistic	none	_	End=833.58	_	_	_	0-3(7)
211-0	PSB109	211	[no	no	linguistic	none	_	Begin=833.05	_	_	_	0-2(7)
211-1	PSB109	211	impor]ta~	importa~	linguistic	none	Interrupted=Yes	_	_	_	_	0-5(7)
211-2	PSB109	211	importante:	importante	linguistic	none	_	End=834.82	9x1	_	_	_
212-0	PSB109	212	che:	che	linguistic	none	_	Begin=835.18	2x1	_	_	_
212-1	PSB109	212	non	non	linguistic	none	_	_	_	_	_	_
212-2	PSB109	212	pesi	pesi	linguistic	none	_	_	_	_	_	_
212-3	PSB109	212	troppo	troppo	linguistic	none	_	End=837.21	_	_	_	_
213-0	PSB110	213	ah	ah	linguistic	none	_	Begin=837.56	_	_	_	_
213-1	PSB110	213	beh	beh	linguistic	none	_	_	_	_	_	_
213-2	PSB110	213	dopo	dopo	linguistic	none	_	_	_	_	_	_
213-3	PSB110	213	lì	lì	linguistic	none	_	_	_	_	_	_
213-4	PSB110	213	è	è	linguistic	none	_	_	_	_	_	_
213-5	PSB110	213	il	il	linguistic	none	_	_	_	_	_	_
213-6	PSB110	213	discorso	discorso	linguistic	none	_	_	_	_	_	_
213-7	PSB110	213	cioè	cioè	linguistic	none	_	_	_	_	_	_
213-8	PSB110	213	se	se	linguistic	none	_	_	_	_	_	_
213-9	PSB110	213	te	te	linguistic	none	_	_	_	_	_	_
213-10	PSB110	213	non	non	linguistic	none	_	_	_	_	_	_
213-11	PSB110	213	vuoi:	vuoi	linguistic	none	_	End=841.0	3x1	_	_	_
214-0	PSB110	214	e	e	linguistic	none	_	Begin=841.08	_	_	_	_
214-1	PSB110	214	vuoi::	vuoi	linguistic	none	_	_	3x2	_	_	_
214-2	PSB110	214	il	il	linguistic	none	_	_	_	_	_	_
214-3	PSB110	214	materiale	materiale	linguistic	none	_	_	_	_	_	_
214-4	PSB110	214	più	più	linguistic	none	_	_	_	_	_	_
214-5	PSB110	214	leggero	leggero	linguistic	none	_	_	_	_	_	_
214-6	PSB110	214	e	e	linguistic	none	_	_	_	_	_	_
214-7	PSB110	214	quant'	quant'	linguistic	none	SpaceAfter=No	_	_	_	_	_
214-8	PSB110	214	altro	altro	linguistic	none	_	_	_	_	_	_
214-9	PSB110	214	è	è	linguistic	none	_	_	_	_	_	_
214-10	PSB110	214	chiaro	chiaro	linguistic	none	_	_	_	_	_	_
214-11	PSB110	214	che	che	linguistic	none	_	_	_	_	_	_
214-12	PSB110	214	costa	costa	linguistic	none	_	End=845.6	_	_	_	_
215-0	PSB109	215	vabbè	vabbè	linguistic	none	_	Begin=846.79	_	_	_	_
215-1	PSB109	215	m::h	mh	linguistic	none	_	_	0x2	_	_	_
215-2	PSB109	215	fatto	fatto	linguistic	none	_	_	_	_	_	_
215-3	PSB109	215	sta	sta	linguistic	none	_	_	_	_	_	_
215-4	PSB109	215	che	che	linguistic	none	_	_	_	_	_	_
215-5	PSB109	215	fino	fino	linguistic	none	_	_	_	_	_	_
215-6	PSB109	215	a	a	linguistic	none	_	_	_	_	_	_
215-7	PSB109	215	mille	mille	linguistic	none	_	_	_	_	_	_
215-8	PSB109	215	e	e	linguistic	none	_	_	_	_	_	_
215-9	PSB109	215	cinque	cinque	linguistic	none	_	_	_	_	_	_
215-10	PSB109	215	posso::	posso	linguistic	none	_	End=850.82	4x2	_	_	_
216-0	PSB109	216	idealmente	idealmente	linguistic	none	_	Begin=852.69	_	_	_	_
216-1	PSB109	216	e:h	eh	linguistic	none	_	_	0x1	_	_	_
216-2	PSB109	216	ehm:	ehm	linguistic	none	_	_	2x1	_	_	_
216-3	PSB109	216	era	era	linguistic	none	_	_	_	_	_	_
216-4	PSB109	216	mille	mille	linguistic	none	_	_	_	_	_	_
216-5	PSB109	216	e	e	linguistic	none	_	_	_	_	_	_
216-6	PSB109	216	due	due	linguistic	none	_	_	_	_	_	_
216-7	PSB109	216	mille	mille	linguistic	none	_	_	_	_	_	_
216-8	PSB109	216	e	e	linguistic	none	_	_	_	_	_	_
216-9	PSB109	216	tre:	tre	linguistic	none	_	_	2x1	_	_	_
216-10	PSB109	216	però	però	linguistic	none	_	_	_	_	_	_
216-11	PSB109	216	dai	dai	linguistic	none	_	_	_	_	_	_
216-12	PSB109	216	fino	fino	linguistic	none	_	_	_	_	_	_
216-13	PSB109	216	a	a	linguistic	none	_	_	_	_	_	_
216-14	PSB109	216	cinquecen~	cinquecen~	linguistic	none	Interrupted=Yes	_	_	_	_	_
216-15	PSB109	216	mille	mille	linguistic	none	_	_	_	_	_	_
216-16	PSB109	216	e	e	linguistic	none	_	_	_	_	_	_
216-17	PSB109	216	cinque	cinque	linguistic	none	_	_	_	_	_	_
216-18	PSB109	216	posso	posso	linguistic	none	_	_	_	_	_	_
216-19	PSB109	216	arrivare	arrivare	linguistic	none	_	End=859.18	_	_	_	_
217-0	PSB109	217	e:h	eh	linguistic	none	_	Begin=860.0	0x1	_	_	_
217-1	PSB109	217	mille	mille	linguistic	none	_	_	_	_	_	_
217-2	PSB109	217	e	e	linguistic	none	_	_	_	_	_	_
217-3	PSB109	217	nove	nove	linguistic	none	_	_	_	_	_	_
217-4	PSB109	217	duemila	duemila	linguistic	none	_	_	_	_	_	_
217-5	PSB109	217	mi	mi	linguistic	none	_	_	_	_	_	_
217-6	PSB109	217	sembra	sembra	linguistic	none	_	_	_	_	_	_
217-7	PSB109	217	un	un	linguistic	none	_	_	_	_	_	_
217-8	PSB109	217	po'	po'	linguistic	none	_	_	_	_	_	_
217-9	PSB109	217	troppo	troppo	linguistic	none	_	End=862.8	_	_	_	_
218-0	PSB110	218	no	no	linguistic	none	_	Begin=864.73	_	_	_	_
218-1	PSB110	218	poi	poi	linguistic	none	_	_	_	_	_	_
218-2	PSB110	218	verrebbe	verrebbe	linguistic	none	_	_	_	_	_	_
218-3	PSB110	218	anche	anche	linguistic	none	_	_	_	_	_	_
218-4	PSB110	218	di	di	linguistic	none	_	_	_	_	_	_
218-5	PSB110	218	più	più	linguistic	none	_	_	_	_	_	_
218-6	PSB110	218	perché	perché	linguistic	none	_	_	_	_	_	_
218-7	PSB110	218	alla	alla	linguistic	none	_	_	_	_	_	_
218-8	PSB110	218	fine	fine	linguistic	none	_	_	_	_	_	_
218-9	PSB110	218	ci	ci	linguistic	none	_	_	_	_	_	_
218-10	PSB110	218	aggiungi	aggiungi	linguistic	none	_	_	_	_	_	_
218-11	PSB110	218	anche	anche	linguistic	none	_	_	_	_	_	_
218-12	PSB110	218	la	la	linguistic	none	_	_	_	_	_	_
218-13	PSB110	218	garanzia:	garanzia	linguistic	none	_	End=868.11	7x1	_	_	_
219-0	PSB109	219	m::h	mh	linguistic	none	_	Begin=868.2|End=868.8	0x2	_	_	_
220-0	PSB110	220	la	la	linguistic	none	_	Begin=868.96	_	_	_	_
220-1	PSB110	220	garanzia	garanzia	linguistic	none	_	_	_	_	_	_
220-2	PSB110	220	per	per	linguistic	none	_	_	_	_	_	_
220-3	PSB110	220	tre	tre	linguistic	none	_	_	_	_	_	_
220-4	PSB110	220	anni:	anni	linguistic	none	_	End=870.44	3x1	_	_	_
221-0	PSB110	221	furto:	furto	linguistic	none	_	Begin=871.63	4x1	_	_	_
221-1	PSB110	221	o	o	linguistic	none	_	_	_	_	_	_
221-2	PSB110	221	che	che	linguistic	none	_	_	_	_	_	_
221-3	PSB110	221	altro:	altro	linguistic	none	_	End=873.39	4x1	_	_	_
222-0	PSB109	222	m:h	mh	linguistic	none	_	Begin=873.67|End=874.14	0x1	_	_	_
223-0	PSB110	223	m::h	mh	linguistic	none	_	Begin=874.41|End=874.99	0x2	_	_	_
224-0	PSB110	224	viene	viene	linguistic	none	_	Begin=875.21	_	_	_	_
224-1	PSB110	224	centocinquanta	centocinquanta	linguistic	none	_	_	_	_	_	_
224-2	PSB110	224	centosessanta	centosessanta	linguistic	none	_	End=877.17	_	_	_	_
225-0	PSB109	225	m:h	mh	linguistic	none	_	Begin=877.31|End=877.81	0x1	_	_	_
226-0	PSB109	226	ti	ti	linguistic	none	_	Begin=888.79	_	_	_	_
226-1	PSB109	226	piace?	piace	linguistic	none	Intonation=rising	End=889.61	_	_	_	_
227-0	PSB109	227	non	non	linguistic	none	_	Begin=891.11	_	_	_	_
227-1	PSB109	227	troppo?	troppo	linguistic	none	Intonation=rising	End=891.92	_	_	_	_
228-0	PSB110	228	boh	boh	linguistic	none	_	Begin=892.56	_	_	_	_
228-1	PSB110	228	beh	beh	linguistic	none	_	_	_	_	_	_
228-2	PSB110	228	m::h	mh	linguistic	none	_	End=893.71	0x2	_	_	_
229-0	PSB109	229	mh?	mh	linguistic	none	Intonation=rising	Begin=895.03|End=895.41	_	_	_	_
230-0	PSB110	230	adesso	adesso	linguistic	none	_	Begin=895.88	_	_	_	_
230-1	PSB110	230	no:n	non	linguistic	none	_	_	1x1	_	_	_
230-2	PSB110	230	secondo	secondo	linguistic	none	_	_	_	_	_	_
230-3	PSB110	230	me	me	linguistic	none	_	_	_	_	_	_
230-4	PSB110	230	questa	questa	linguistic	none	_	End=897.84	_	_	_	_
231-0	PSB110	231	andrebbe	andrebbe	linguistic	none	_	Begin=898.62	_	_	_	_
231-1	PSB110	231	prima:	prima	linguistic	none	_	End=899.59	4x1	_	_	_
232-0	PSB110	232	sbollentata:	sbollentata	linguistic	none	_	Begin=900.98|End=902.2	10x1	_	_	_
233-0	PSB109	233	a:::h	ah	linguistic	none	_	Begin=902.36	0x3	_	_	_
233-1	PSB109	233	[sì	sì	linguistic	none	_	_	_	_	_	0-2(8)
233-2	PSB109	233	sì]	sì	linguistic	none	_	End=903.71	_	_	_	0-2(8)
234-0	PSB110	234	[e	e	linguistic	none	_	Begin=903.23	_	_	_	0-1(8)
234-1	PSB110	234	poi:]	poi	linguistic	none	_	_	2x1	_	_	0-3(8)
234-2	PSB110	234	fatta	fatta	linguistic	none	_	_	_	_	_	_
234-3	PSB110	234	saltare	saltare	linguistic	none	_	_	_	_	_	_
234-4	PSB110	234	[se	se	linguistic	none	_	_	_	_	_	0-2(9)
234-5	PSB110	234	no	no	linguistic	none	_	_	_	_	_	0-2(9)
234-6	PSB110	234	così]	così	linguistic	none	_	_	_	_	_	0-4(9)
234-7	PSB110	234	ti	ti	linguistic	none	_	_	_	_	_	_
234-8	PSB110	234	diventa:	diventa	linguistic	none	_	_	6x1	_	_	_
234-9	PSB110	234	un	un	linguistic	none	_	_	_	_	_	_
234-10	PSB110	234	brodaglione	brodaglione	linguistic	none	_	End=906.59	_	_	_	_
235-0	PSB109	235	mh	mh	linguistic	none	_	Begin=904.41|End=904.84	_	_	_	_
236-0	PSB109	236	ma	ma	linguistic	none	_	Begin=907.14	_	_	_	_
236-1	PSB109	236	poi::	poi	linguistic	none	_	_	2x2	_	_	_
236-2	PSB109	236	mh	mh	linguistic	none	_	_	_	_	_	_
236-3	PSB109	236	{P}	{P}	shortpause	none	_	_	_	_	_	_
236-4	PSB109	236	ci	ci	linguistic	none	_	_	_	_	_	_
236-5	PSB109	236	pensavo	pensavo	linguistic	none	_	_	_	_	_	_
236-6	PSB109	236	l'	l'	linguistic	none	SpaceAfter=No	_	_	_	_	_
236-7	PSB109	236	altra	altra	linguistic	none	_	_	_	_	_	_
236-8	PSB109	236	volta:	volta	linguistic	none	_	_	4x1	_	_	_
236-9	PSB109	236	lì	lì	linguistic	none	_	_	_	_	_	_
236-10	PSB109	236	da:	da	linguistic	none	_	End=911.4	1x1	_	_	_
237-0	PSB109	237	m:h	mh	linguistic	none	_	Begin=911.46	0x1	_	_	_
237-1	PSB109	237	in	in	linguistic	none	_	_	_	_	_	_
237-2	PSB109	237	pizzeria:	pizzeria	linguistic	none	_	_	7x1	_	_	_
237-3	PSB109	237	hann	hann	linguistic	none	_	_	_	_	_	_
237-4	PSB109	237	messo	messo	linguistic	none	_	_	_	_	_	_
237-5	PSB109	237	su	su	linguistic	none	_	_	_	_	_	_
237-6	PSB109	237	quello	quello	linguistic	none	_	_	_	_	_	_
237-7	PSB109	237	che	che	linguistic	none	_	_	_	_	_	_
237-8	PSB109	237	hann	hann	linguistic	none	_	_	_	_	_	_
237-9	PSB109	237	messo	messo	linguistic	none	_	_	_	_	_	_
237-10	PSB109	237	sulla	sulla	linguistic	none	_	_	_	_	_	_
237-11	PSB109	237	pi:zza	pizza	linguistic	none	_	End=914.99	1x1	_	_	_
238-0	PSB109	238	aveva:	aveva	linguistic	none	_	Begin=915.99|End=917.01	4x1	_	_	_
239-0	PSB109	239	non	non	linguistic	none	_	Begin=917.72	_	_	_	_
239-1	PSB109	239	so	so	linguistic	none	_	_	_	_	_	_
239-2	PSB109	239	una	una	linguistic	none	_	_	_	_	_	_
239-3	PSB109	239	{P}	{P}	shortpause	none	_	_	_	_	_	_
239-4	PSB109	239	bo:h	boh	linguistic	none	_	_	1x1	_	_	_
239-5	PSB109	239	se	se	linguistic	none	_	_	_	_	_	_
239-6	PSB109	239	avevano	avevano	linguistic	none	_	_	_	_	_	_
239-7	PSB109	239	messo	messo	linguistic	none	_	_	_	_	_	_
239-8	PSB109	239	lo	lo	linguistic	none	_	_	_	_	_	_
239-9	PSB109	239	zucchero	zucchero	linguistic	none	_	_	_	_	_	_
239-10	PSB109	239	sembr~	sembr~	linguistic	none	Interrupted=Yes	_	_	_	_	_
239-11	PSB109	239	sembrava:	sembrava	linguistic	none	_	_	7x1	_	_	_
239-12	PSB109	239	x	x	unknown	none	_	End=922.81	_	_	_	_
240-0	PSB109	240	c'	c'	linguistic	none	SpaceAfter=No	Begin=923.01	_	_	_	_
240-1	PSB109	240	era:	era	linguistic	none	_	_	2x1	_	_	_
240-2	PSB109	240	una	una	linguistic	none	_	_	_	_	_	_
240-3	PSB109	240	consistenza	consistenza	linguistic	none	_	_	_	_	_	_
240-4	PSB109	240	un	un	linguistic	none	_	_	_	_	_	_
240-5	PSB109	240	po'	po'	linguistic	none	_	_	_	_	_	_
240-6	PSB109	240	più	più	linguistic	none	_	_	_	_	_	_
240-7	PSB109	240	sciropposa:	sciropposa	linguistic	none	_	End=926.16	9x1	_	_	_
241-0	PSB110	241	vabbè	vabbè	linguistic	none	_	Begin=928.68	_	_	_	_
241-1	PSB110	241	adesso	adesso	linguistic	none	_	End=929.61	_	_	_	_
242-0	PSB110	242	è	è	linguistic	none	_	Begin=931.03	_	_	_	_
242-1	PSB110	242	abbastanza	abbastanza	linguistic	none	_	_	_	_	_	_
242-2	PSB110	242	normale	normale	linguistic	none	_	_	_	_	_	_
242-3	PSB110	242	che	che	linguistic	none	_	_	_	_	_	_
242-4	PSB110	242	ti	ti	linguistic	none	_	_	_	_	_	_
242-5	PSB110	242	venga	venga	linguistic	none	_	_	_	_	_	_
242-6	PSB110	242	diverso	diverso	linguistic	none	_	_	_	_	_	_
242-7	PSB110	242	{P}	{P}	shortpause	none	_	_	_	_	_	_
242-8	PSB110	242	questa	questa	linguistic	none	_	End=934.0	_	_	_	_
243-0	PSB110	243	è:	è	linguistic	none	_	Begin=935.02|End=935.6	0x1	_	_	_
244-0	PSB110	244	con	con	linguistic	none	_	Begin=936.88	_	_	_	_
244-1	PSB110	244	tutto	tutto	linguistic	none	_	_	_	_	_	_
244-2	PSB110	244	il	il	linguistic	none	_	_	_	_	_	_
244-3	PSB110	244	liquido	liquido	linguistic	none	_	End=938.12	_	_	_	_
245-0	PSB109	245	cosa	cosa	linguistic	none	_	Begin=944.65	_	_	_	_
245-1	PSB109	245	c'	c'	linguistic	none	SpaceAfter=No	_	_	_	_	_
245-2	PSB109	245	è?	è	linguistic	none	Intonation=rising	End=945.52	_	_	_	_
246-0	PSB109	246	[a:h]	ah	linguistic	none	_	Begin=946.51|End=947.02	0x1	_	_	0-2(10)
247-0	PSB110	247	[c'	c'	linguistic	none	SpaceAfter=No	Begin=946.75	_	_	_	0-2(10)
247-1	PSB110	247	e]ra	era	linguistic	none	_	_	_	_	_	0-1(10)
247-2	PSB110	247	un	un	linguistic	none	_	_	_	_	_	_
247-3	PSB110	247	incontro	incontro	linguistic	none	_	End=947.99	_	_	_	_
248-0	PSB110	248	a::h	ah	linguistic	none	_	Begin=964.83|End=965.52	0x2	_	_	_
249-0	PSB110	249	mangio	mangio	linguistic	none	_	Begin=976.8	_	_	_	_
249-1	PSB110	249	una	una	linguistic	none	_	_	_	_	_	_
249-2	PSB110	249	fettina	fettina	linguistic	none	_	_	_	_	_	_
249-3	PSB110	249	di	di	linguistic	none	_	_	_	_	_	_
249-4	PSB110	249	pane	pane	linguistic	none	_	_	_	_	_	_
249-5	PSB110	249	se	se	linguistic	none	_	_	_	_	_	_
249-6	PSB110	249	no	no	linguistic	none	_	End=978.69	_	_	_	_
250-0	PSB109	250	magari	magari	linguistic	none	_	Begin=982.08	_	_	_	_
250-1	PSB109	250	vai	vai	linguistic	none	_	_	_	_	_	_
250-2	PSB109	250	lì	lì	linguistic	none	_	_	_	_	_	_
250-3	PSB109	250	trovi	trovi	linguistic	none	_	_	_	_	_	_
250-4	PSB109	250	qualcosa	qualcosa	linguistic	none	_	_	_	_	_	_
250-5	PSB109	250	da	da	linguistic	none	_	_	_	_	_	_
250-6	PSB109	250	mangiare	mangiare	linguistic	none	_	End=984.51	_	_	_	_
251-0	PSB109	251	no:n	non	linguistic	none	_	Begin=985.69	1x1	_	_	_
251-1	PSB109	251	dovete	dovete	linguistic	none	_	_	_	_	_	_
251-2	PSB109	251	fare	fare	linguistic	none	_	_	_	_	_	_
251-3	PSB109	251	abbi[namento]?	abbinamento	linguistic	none	Intonation=rising	End=988.0	_	_	_	4-11(11)
252-0	PSB110	252	[a:h	ah	linguistic	none	_	Begin=987.22	0x1	_	_	0-2(11)
252-1	PSB110	252	{P}	{P}	shortpause	none	_	_	_	_	_	0-3(11)
252-2	PSB110	252	b]o:h	boh	linguistic	none	_	End=988.3	1x1	_	_	0-1(11)
253-0	PSB109	253	un	un	linguistic	none	_	Begin=991.27	_	_	_	_
253-1	PSB109	253	hamburger	hamburger	linguistic	none	_	_	_	_	_	_
253-2	PSB109	253	{ride}	{ride}	nonverbalbehavior	none	_	End=993.39	_	_	_	_
254-0	PSB110	254	xx	x	unknown	none	_	Begin=992.94|End=993.4	_	_	_	_
255-0	PSB109	255	{ride}	{ride}	nonverbalbehavior	none	_	Begin=994.12|End=994.82	_	_	_	_
256-0	PSB110	256	(mangio)	mangio	linguistic	none	_	Begin=995.13	_	_	0-6(0)	_
256-1	PSB110	256	un	un	linguistic	none	_	_	_	_	_	_
256-2	PSB110	256	pezzino	pezzino	linguistic	none	_	_	_	_	_	_
256-3	PSB110	256	di	di	linguistic	none	_	_	_	_	_	_
256-4	PSB110	256	cioccolata	cioccolata	linguistic	none	_	End=996.89	_	_	_	_
